"ab_duration","runtime","image_name","ressource_limit","number_of_targets","targetId","repeat","completed_requests","failed_requests","requests_per_second","request_duration","filepath"
"10","default","go-httpd","default","1","1","1","202534","0","20250.99","10.001","/opt/auswertung/Raw/ab_dauer_testreihe/apache_benchmark_10s/default/default/go-httpd/target_count_1/repeat_1/1.txt"
"10","default","go-httpd","default","1","1","10","217018","0","21701.58","10.000","/opt/auswertung/Raw/ab_dauer_testreihe/apache_benchmark_10s/default/default/go-httpd/target_count_1/repeat_10/1.txt"
"10","default","go-httpd","default","1","1","11","218870","0","21884.52","10.001","/opt/auswertung/Raw/ab_dauer_testreihe/apache_benchmark_10s/default/default/go-httpd/target_count_1/repeat_11/1.txt"
"10","default","go-httpd","default","1","1","12","217634","0","21763.30","10.000","/opt/auswertung/Raw/ab_dauer_testreihe/apache_benchmark_10s/default/default/go-httpd/target_count_1/repeat_12/1.txt"
"10","default","go-httpd","default","1","1","13","217051","0","21704.65","10.000","/opt/auswertung/Raw/ab_dauer_testreihe/apache_benchmark_10s/default/default/go-httpd/target_count_1/repeat_13/1.txt"
"10","default","go-httpd","default","1","1","14","215846","0","21583.72","10.000","/opt/auswertung/Raw/ab_dauer_testreihe/apache_benchmark_10s/default/default/go-httpd/target_count_1/repeat_14/1.txt"
"10","default","go-httpd","default","1","1","15","213182","0","21316.25","10.001","/opt/auswertung/Raw/ab_dauer_testreihe/apache_benchmark_10s/default/default/go-httpd/target_count_1/repeat_15/1.txt"
"10","default","go-httpd","default","1","1","16","213662","0","21364.20","10.001","/opt/auswertung/Raw/ab_dauer_testreihe/apache_benchmark_10s/default/default/go-httpd/target_count_1/repeat_16/1.txt"
"10","default","go-httpd","default","1","1","17","218508","0","21850.71","10.000","/opt/auswertung/Raw/ab_dauer_testreihe/apache_benchmark_10s/default/default/go-httpd/target_count_1/repeat_17/1.txt"
"10","default","go-httpd","default","1","1","18","207598","0","20757.66","10.001","/opt/auswertung/Raw/ab_dauer_testreihe/apache_benchmark_10s/default/default/go-httpd/target_count_1/repeat_18/1.txt"
"10","default","go-httpd","default","1","1","19","212807","0","21275.40","10.002","/opt/auswertung/Raw/ab_dauer_testreihe/apache_benchmark_10s/default/default/go-httpd/target_count_1/repeat_19/1.txt"
"10","default","go-httpd","default","1","1","2","219878","0","21986.93","10.000","/opt/auswertung/Raw/ab_dauer_testreihe/apache_benchmark_10s/default/default/go-httpd/target_count_1/repeat_2/1.txt"
"10","default","go-httpd","default","1","1","20","214299","0","21429.44","10.000","/opt/auswertung/Raw/ab_dauer_testreihe/apache_benchmark_10s/default/default/go-httpd/target_count_1/repeat_20/1.txt"
"10","default","go-httpd","default","1","1","21","217271","0","21723.73","10.002","/opt/auswertung/Raw/ab_dauer_testreihe/apache_benchmark_10s/default/default/go-httpd/target_count_1/repeat_21/1.txt"
"10","default","go-httpd","default","1","1","22","215805","0","21578.39","10.001","/opt/auswertung/Raw/ab_dauer_testreihe/apache_benchmark_10s/default/default/go-httpd/target_count_1/repeat_22/1.txt"
"10","default","go-httpd","default","1","1","23","220038","0","22001.25","10.001","/opt/auswertung/Raw/ab_dauer_testreihe/apache_benchmark_10s/default/default/go-httpd/target_count_1/repeat_23/1.txt"
"10","default","go-httpd","default","1","1","24","216275","0","21626.07","10.001","/opt/auswertung/Raw/ab_dauer_testreihe/apache_benchmark_10s/default/default/go-httpd/target_count_1/repeat_24/1.txt"
"10","default","go-httpd","default","1","1","25","213251","0","21321.12","10.002","/opt/auswertung/Raw/ab_dauer_testreihe/apache_benchmark_10s/default/default/go-httpd/target_count_1/repeat_25/1.txt"
"10","default","go-httpd","default","1","1","26","209504","0","20948.15","10.001","/opt/auswertung/Raw/ab_dauer_testreihe/apache_benchmark_10s/default/default/go-httpd/target_count_1/repeat_26/1.txt"
"10","default","go-httpd","default","1","1","27","209625","0","20961.61","10.000","/opt/auswertung/Raw/ab_dauer_testreihe/apache_benchmark_10s/default/default/go-httpd/target_count_1/repeat_27/1.txt"
"10","default","go-httpd","default","1","1","28","215548","0","21552.89","10.001","/opt/auswertung/Raw/ab_dauer_testreihe/apache_benchmark_10s/default/default/go-httpd/target_count_1/repeat_28/1.txt"
"10","default","go-httpd","default","1","1","29","205933","0","20591.71","10.001","/opt/auswertung/Raw/ab_dauer_testreihe/apache_benchmark_10s/default/default/go-httpd/target_count_1/repeat_29/1.txt"
"10","default","go-httpd","default","1","1","3","203252","0","20323.53","10.001","/opt/auswertung/Raw/ab_dauer_testreihe/apache_benchmark_10s/default/default/go-httpd/target_count_1/repeat_3/1.txt"
"10","default","go-httpd","default","1","1","30","216992","0","21697.14","10.001","/opt/auswertung/Raw/ab_dauer_testreihe/apache_benchmark_10s/default/default/go-httpd/target_count_1/repeat_30/1.txt"
"10","default","go-httpd","default","1","1","31","215352","0","21533.77","10.001","/opt/auswertung/Raw/ab_dauer_testreihe/apache_benchmark_10s/default/default/go-httpd/target_count_1/repeat_31/1.txt"
"10","default","go-httpd","default","1","1","32","216761","0","21673.80","10.001","/opt/auswertung/Raw/ab_dauer_testreihe/apache_benchmark_10s/default/default/go-httpd/target_count_1/repeat_32/1.txt"
"10","default","go-httpd","default","1","1","33","212110","0","21208.43","10.001","/opt/auswertung/Raw/ab_dauer_testreihe/apache_benchmark_10s/default/default/go-httpd/target_count_1/repeat_33/1.txt"
"10","default","go-httpd","default","1","1","34","215359","0","21534.14","10.001","/opt/auswertung/Raw/ab_dauer_testreihe/apache_benchmark_10s/default/default/go-httpd/target_count_1/repeat_34/1.txt"
"10","default","go-httpd","default","1","1","35","217508","0","21750.57","10.000","/opt/auswertung/Raw/ab_dauer_testreihe/apache_benchmark_10s/default/default/go-httpd/target_count_1/repeat_35/1.txt"
"10","default","go-httpd","default","1","1","36","216575","0","21654.15","10.002","/opt/auswertung/Raw/ab_dauer_testreihe/apache_benchmark_10s/default/default/go-httpd/target_count_1/repeat_36/1.txt"
"10","default","go-httpd","default","1","1","37","215042","0","21502.20","10.001","/opt/auswertung/Raw/ab_dauer_testreihe/apache_benchmark_10s/default/default/go-httpd/target_count_1/repeat_37/1.txt"
"10","default","go-httpd","default","1","1","38","215925","0","21590.64","10.001","/opt/auswertung/Raw/ab_dauer_testreihe/apache_benchmark_10s/default/default/go-httpd/target_count_1/repeat_38/1.txt"
"10","default","go-httpd","default","1","1","39","216698","0","21667.64","10.001","/opt/auswertung/Raw/ab_dauer_testreihe/apache_benchmark_10s/default/default/go-httpd/target_count_1/repeat_39/1.txt"
"10","default","go-httpd","default","1","1","4","218819","0","21880.08","10.001","/opt/auswertung/Raw/ab_dauer_testreihe/apache_benchmark_10s/default/default/go-httpd/target_count_1/repeat_4/1.txt"
"10","default","go-httpd","default","1","1","40","213381","0","21334.66","10.002","/opt/auswertung/Raw/ab_dauer_testreihe/apache_benchmark_10s/default/default/go-httpd/target_count_1/repeat_40/1.txt"
"10","default","go-httpd","default","1","1","5","218916","0","21889.16","10.001","/opt/auswertung/Raw/ab_dauer_testreihe/apache_benchmark_10s/default/default/go-httpd/target_count_1/repeat_5/1.txt"
"10","default","go-httpd","default","1","1","6","213406","0","21339.27","10.001","/opt/auswertung/Raw/ab_dauer_testreihe/apache_benchmark_10s/default/default/go-httpd/target_count_1/repeat_6/1.txt"
"10","default","go-httpd","default","1","1","7","218011","0","21798.77","10.001","/opt/auswertung/Raw/ab_dauer_testreihe/apache_benchmark_10s/default/default/go-httpd/target_count_1/repeat_7/1.txt"
"10","default","go-httpd","default","1","1","8","212199","0","21219.61","10.000","/opt/auswertung/Raw/ab_dauer_testreihe/apache_benchmark_10s/default/default/go-httpd/target_count_1/repeat_8/1.txt"
"10","default","go-httpd","default","1","1","9","217478","0","21747.57","10.000","/opt/auswertung/Raw/ab_dauer_testreihe/apache_benchmark_10s/default/default/go-httpd/target_count_1/repeat_9/1.txt"
"30","default","go-httpd","default","1","1","1","647374","0","21578.88","30.000","/opt/auswertung/Raw/ab_dauer_testreihe/apache_benchmark_30s/default/default/go-httpd/target_count_1/repeat_1/1.txt"
"30","default","go-httpd","default","1","1","10","659702","0","21989.70","30.001","/opt/auswertung/Raw/ab_dauer_testreihe/apache_benchmark_30s/default/default/go-httpd/target_count_1/repeat_10/1.txt"
"30","default","go-httpd","default","1","1","11","649913","0","21663.28","30.001","/opt/auswertung/Raw/ab_dauer_testreihe/apache_benchmark_30s/default/default/go-httpd/target_count_1/repeat_11/1.txt"
"30","default","go-httpd","default","1","1","12","652279","0","21741.85","30.001","/opt/auswertung/Raw/ab_dauer_testreihe/apache_benchmark_30s/default/default/go-httpd/target_count_1/repeat_12/1.txt"
"30","default","go-httpd","default","1","1","13","647290","0","21576.03","30.000","/opt/auswertung/Raw/ab_dauer_testreihe/apache_benchmark_30s/default/default/go-httpd/target_count_1/repeat_13/1.txt"
"30","default","go-httpd","default","1","1","14","657953","0","21931.10","30.001","/opt/auswertung/Raw/ab_dauer_testreihe/apache_benchmark_30s/default/default/go-httpd/target_count_1/repeat_14/1.txt"
"30","default","go-httpd","default","1","1","15","654673","0","21822.06","30.001","/opt/auswertung/Raw/ab_dauer_testreihe/apache_benchmark_30s/default/default/go-httpd/target_count_1/repeat_15/1.txt"
"30","default","go-httpd","default","1","1","16","653924","0","21797.01","30.001","/opt/auswertung/Raw/ab_dauer_testreihe/apache_benchmark_30s/default/default/go-httpd/target_count_1/repeat_16/1.txt"
"30","default","go-httpd","default","1","1","17","649659","0","21654.47","30.001","/opt/auswertung/Raw/ab_dauer_testreihe/apache_benchmark_30s/default/default/go-httpd/target_count_1/repeat_17/1.txt"
"30","default","go-httpd","default","1","1","18","648023","0","21600.03","30.001","/opt/auswertung/Raw/ab_dauer_testreihe/apache_benchmark_30s/default/default/go-httpd/target_count_1/repeat_18/1.txt"
"30","default","go-httpd","default","1","1","19","657698","0","21922.92","30.000","/opt/auswertung/Raw/ab_dauer_testreihe/apache_benchmark_30s/default/default/go-httpd/target_count_1/repeat_19/1.txt"
"30","default","go-httpd","default","1","1","2","659643","0","21987.13","30.001","/opt/auswertung/Raw/ab_dauer_testreihe/apache_benchmark_30s/default/default/go-httpd/target_count_1/repeat_2/1.txt"
"30","default","go-httpd","default","1","1","20","638943","0","21297.70","30.001","/opt/auswertung/Raw/ab_dauer_testreihe/apache_benchmark_30s/default/default/go-httpd/target_count_1/repeat_20/1.txt"
"30","default","go-httpd","default","1","1","21","640611","0","21353.30","30.001","/opt/auswertung/Raw/ab_dauer_testreihe/apache_benchmark_30s/default/default/go-httpd/target_count_1/repeat_21/1.txt"
"30","default","go-httpd","default","1","1","22","661891","0","22062.11","30.001","/opt/auswertung/Raw/ab_dauer_testreihe/apache_benchmark_30s/default/default/go-httpd/target_count_1/repeat_22/1.txt"
"30","default","go-httpd","default","1","1","23","647851","0","21594.73","30.000","/opt/auswertung/Raw/ab_dauer_testreihe/apache_benchmark_30s/default/default/go-httpd/target_count_1/repeat_23/1.txt"
"30","default","go-httpd","default","1","1","24","642174","0","21405.48","30.000","/opt/auswertung/Raw/ab_dauer_testreihe/apache_benchmark_30s/default/default/go-httpd/target_count_1/repeat_24/1.txt"
"30","default","go-httpd","default","1","1","25","652293","0","21742.67","30.001","/opt/auswertung/Raw/ab_dauer_testreihe/apache_benchmark_30s/default/default/go-httpd/target_count_1/repeat_25/1.txt"
"30","default","go-httpd","default","1","1","26","648819","0","21627.26","30.000","/opt/auswertung/Raw/ab_dauer_testreihe/apache_benchmark_30s/default/default/go-httpd/target_count_1/repeat_26/1.txt"
"30","default","go-httpd","default","1","1","27","643564","0","21451.68","30.001","/opt/auswertung/Raw/ab_dauer_testreihe/apache_benchmark_30s/default/default/go-httpd/target_count_1/repeat_27/1.txt"
"30","default","go-httpd","default","1","1","28","663837","0","22127.31","30.001","/opt/auswertung/Raw/ab_dauer_testreihe/apache_benchmark_30s/default/default/go-httpd/target_count_1/repeat_28/1.txt"
"30","default","go-httpd","default","1","1","29","654042","0","21800.67","30.001","/opt/auswertung/Raw/ab_dauer_testreihe/apache_benchmark_30s/default/default/go-httpd/target_count_1/repeat_29/1.txt"
"30","default","go-httpd","default","1","1","3","651552","0","21717.55","30.001","/opt/auswertung/Raw/ab_dauer_testreihe/apache_benchmark_30s/default/default/go-httpd/target_count_1/repeat_3/1.txt"
"30","default","go-httpd","default","1","1","30","646703","0","21555.69","30.001","/opt/auswertung/Raw/ab_dauer_testreihe/apache_benchmark_30s/default/default/go-httpd/target_count_1/repeat_30/1.txt"
"30","default","go-httpd","default","1","1","31","646263","0","21541.70","30.001","/opt/auswertung/Raw/ab_dauer_testreihe/apache_benchmark_30s/default/default/go-httpd/target_count_1/repeat_31/1.txt"
"30","default","go-httpd","default","1","1","32","641615","0","21386.37","30.001","/opt/auswertung/Raw/ab_dauer_testreihe/apache_benchmark_30s/default/default/go-httpd/target_count_1/repeat_32/1.txt"
"30","default","go-httpd","default","1","1","33","656230","0","21874.24","30.000","/opt/auswertung/Raw/ab_dauer_testreihe/apache_benchmark_30s/default/default/go-httpd/target_count_1/repeat_33/1.txt"
"30","default","go-httpd","default","1","1","34","651048","0","21700.75","30.001","/opt/auswertung/Raw/ab_dauer_testreihe/apache_benchmark_30s/default/default/go-httpd/target_count_1/repeat_34/1.txt"
"30","default","go-httpd","default","1","1","35","653351","0","21778.09","30.000","/opt/auswertung/Raw/ab_dauer_testreihe/apache_benchmark_30s/default/default/go-httpd/target_count_1/repeat_35/1.txt"
"30","default","go-httpd","default","1","1","36","655570","0","21851.73","30.001","/opt/auswertung/Raw/ab_dauer_testreihe/apache_benchmark_30s/default/default/go-httpd/target_count_1/repeat_36/1.txt"
"30","default","go-httpd","default","1","1","37","643493","0","21449.38","30.001","/opt/auswertung/Raw/ab_dauer_testreihe/apache_benchmark_30s/default/default/go-httpd/target_count_1/repeat_37/1.txt"
"30","default","go-httpd","default","1","1","38","644630","0","21487.51","30.000","/opt/auswertung/Raw/ab_dauer_testreihe/apache_benchmark_30s/default/default/go-httpd/target_count_1/repeat_38/1.txt"
"30","default","go-httpd","default","1","1","39","645156","0","21504.36","30.001","/opt/auswertung/Raw/ab_dauer_testreihe/apache_benchmark_30s/default/default/go-httpd/target_count_1/repeat_39/1.txt"
"30","default","go-httpd","default","1","1","4","661876","0","22062.25","30.000","/opt/auswertung/Raw/ab_dauer_testreihe/apache_benchmark_30s/default/default/go-httpd/target_count_1/repeat_4/1.txt"
"30","default","go-httpd","default","1","1","40","652095","0","21735.77","30.001","/opt/auswertung/Raw/ab_dauer_testreihe/apache_benchmark_30s/default/default/go-httpd/target_count_1/repeat_40/1.txt"
"30","default","go-httpd","default","1","1","5","653543","0","21784.76","30.000","/opt/auswertung/Raw/ab_dauer_testreihe/apache_benchmark_30s/default/default/go-httpd/target_count_1/repeat_5/1.txt"
"30","default","go-httpd","default","1","1","6","662460","0","22081.26","30.001","/opt/auswertung/Raw/ab_dauer_testreihe/apache_benchmark_30s/default/default/go-httpd/target_count_1/repeat_6/1.txt"
"30","default","go-httpd","default","1","1","7","637212","0","21239.99","30.001","/opt/auswertung/Raw/ab_dauer_testreihe/apache_benchmark_30s/default/default/go-httpd/target_count_1/repeat_7/1.txt"
"30","default","go-httpd","default","1","1","8","644252","0","21475.02","30.000","/opt/auswertung/Raw/ab_dauer_testreihe/apache_benchmark_30s/default/default/go-httpd/target_count_1/repeat_8/1.txt"
"30","default","go-httpd","default","1","1","9","636347","0","21211.07","30.001","/opt/auswertung/Raw/ab_dauer_testreihe/apache_benchmark_30s/default/default/go-httpd/target_count_1/repeat_9/1.txt"
"60","default","go-httpd","default","1","1","1","1297097","0","21618.09","60.001","/opt/auswertung/Raw/ab_dauer_testreihe/apache_benchmark_60s/default/default/go-httpd/target_count_1/repeat_1/1.txt"
"60","default","go-httpd","default","1","1","10","1311296","0","21854.68","60.001","/opt/auswertung/Raw/ab_dauer_testreihe/apache_benchmark_60s/default/default/go-httpd/target_count_1/repeat_10/1.txt"
"60","default","go-httpd","default","1","1","11","1301351","0","21688.64","60.002","/opt/auswertung/Raw/ab_dauer_testreihe/apache_benchmark_60s/default/default/go-httpd/target_count_1/repeat_11/1.txt"
"60","default","go-httpd","default","1","1","12","1313948","0","21899.07","60.000","/opt/auswertung/Raw/ab_dauer_testreihe/apache_benchmark_60s/default/default/go-httpd/target_count_1/repeat_12/1.txt"
"60","default","go-httpd","default","1","1","13","1299452","0","21657.48","60.000","/opt/auswertung/Raw/ab_dauer_testreihe/apache_benchmark_60s/default/default/go-httpd/target_count_1/repeat_13/1.txt"
"60","default","go-httpd","default","1","1","14","1300008","0","21666.28","60.001","/opt/auswertung/Raw/ab_dauer_testreihe/apache_benchmark_60s/default/default/go-httpd/target_count_1/repeat_14/1.txt"
"60","default","go-httpd","default","1","1","15","1305767","0","21762.48","60.001","/opt/auswertung/Raw/ab_dauer_testreihe/apache_benchmark_60s/default/default/go-httpd/target_count_1/repeat_15/1.txt"
"60","default","go-httpd","default","1","1","16","1306875","0","21780.79","60.001","/opt/auswertung/Raw/ab_dauer_testreihe/apache_benchmark_60s/default/default/go-httpd/target_count_1/repeat_16/1.txt"
"60","default","go-httpd","default","1","1","17","1291875","0","21531.00","60.001","/opt/auswertung/Raw/ab_dauer_testreihe/apache_benchmark_60s/default/default/go-httpd/target_count_1/repeat_17/1.txt"
"60","default","go-httpd","default","1","1","18","1304523","0","21741.73","60.001","/opt/auswertung/Raw/ab_dauer_testreihe/apache_benchmark_60s/default/default/go-httpd/target_count_1/repeat_18/1.txt"
"60","default","go-httpd","default","1","1","19","1308979","0","21815.93","60.001","/opt/auswertung/Raw/ab_dauer_testreihe/apache_benchmark_60s/default/default/go-httpd/target_count_1/repeat_19/1.txt"
"60","default","go-httpd","default","1","1","2","1321974","0","22032.57","60.001","/opt/auswertung/Raw/ab_dauer_testreihe/apache_benchmark_60s/default/default/go-httpd/target_count_1/repeat_2/1.txt"
"60","default","go-httpd","default","1","1","20","1304196","0","21736.22","60.001","/opt/auswertung/Raw/ab_dauer_testreihe/apache_benchmark_60s/default/default/go-httpd/target_count_1/repeat_20/1.txt"
"60","default","go-httpd","default","1","1","21","1292443","0","21540.27","60.001","/opt/auswertung/Raw/ab_dauer_testreihe/apache_benchmark_60s/default/default/go-httpd/target_count_1/repeat_21/1.txt"
"60","default","go-httpd","default","1","1","22","1297967","0","21632.48","60.001","/opt/auswertung/Raw/ab_dauer_testreihe/apache_benchmark_60s/default/default/go-httpd/target_count_1/repeat_22/1.txt"
"60","default","go-httpd","default","1","1","23","1289808","0","21496.53","60.001","/opt/auswertung/Raw/ab_dauer_testreihe/apache_benchmark_60s/default/default/go-httpd/target_count_1/repeat_23/1.txt"
"60","default","go-httpd","default","1","1","24","1294858","0","21580.91","60.000","/opt/auswertung/Raw/ab_dauer_testreihe/apache_benchmark_60s/default/default/go-httpd/target_count_1/repeat_24/1.txt"
"60","default","go-httpd","default","1","1","25","1295869","0","21597.56","60.001","/opt/auswertung/Raw/ab_dauer_testreihe/apache_benchmark_60s/default/default/go-httpd/target_count_1/repeat_25/1.txt"
"60","default","go-httpd","default","1","1","26","1298962","0","21649.22","60.000","/opt/auswertung/Raw/ab_dauer_testreihe/apache_benchmark_60s/default/default/go-httpd/target_count_1/repeat_26/1.txt"
"60","default","go-httpd","default","1","1","27","1294922","0","21581.52","60.001","/opt/auswertung/Raw/ab_dauer_testreihe/apache_benchmark_60s/default/default/go-httpd/target_count_1/repeat_27/1.txt"
"60","default","go-httpd","default","1","1","28","1303890","0","21731.25","60.001","/opt/auswertung/Raw/ab_dauer_testreihe/apache_benchmark_60s/default/default/go-httpd/target_count_1/repeat_28/1.txt"
"60","default","go-httpd","default","1","1","29","1315683","0","21927.93","60.000","/opt/auswertung/Raw/ab_dauer_testreihe/apache_benchmark_60s/default/default/go-httpd/target_count_1/repeat_29/1.txt"
"60","default","go-httpd","default","1","1","3","1314804","0","21913.29","60.000","/opt/auswertung/Raw/ab_dauer_testreihe/apache_benchmark_60s/default/default/go-httpd/target_count_1/repeat_3/1.txt"
"60","default","go-httpd","default","1","1","30","1297011","0","21616.75","60.000","/opt/auswertung/Raw/ab_dauer_testreihe/apache_benchmark_60s/default/default/go-httpd/target_count_1/repeat_30/1.txt"
"60","default","go-httpd","default","1","1","31","1284283","0","21404.32","60.001","/opt/auswertung/Raw/ab_dauer_testreihe/apache_benchmark_60s/default/default/go-httpd/target_count_1/repeat_31/1.txt"
"60","default","go-httpd","default","1","1","32","1316018","0","21933.08","60.002","/opt/auswertung/Raw/ab_dauer_testreihe/apache_benchmark_60s/default/default/go-httpd/target_count_1/repeat_32/1.txt"
"60","default","go-httpd","default","1","1","33","1315933","0","21932.16","60.000","/opt/auswertung/Raw/ab_dauer_testreihe/apache_benchmark_60s/default/default/go-httpd/target_count_1/repeat_33/1.txt"
"60","default","go-httpd","default","1","1","34","1305348","0","21755.72","60.000","/opt/auswertung/Raw/ab_dauer_testreihe/apache_benchmark_60s/default/default/go-httpd/target_count_1/repeat_34/1.txt"
"60","default","go-httpd","default","1","1","35","1287486","0","21457.86","60.001","/opt/auswertung/Raw/ab_dauer_testreihe/apache_benchmark_60s/default/default/go-httpd/target_count_1/repeat_35/1.txt"
"60","default","go-httpd","default","1","1","36","1302124","0","21701.88","60.001","/opt/auswertung/Raw/ab_dauer_testreihe/apache_benchmark_60s/default/default/go-httpd/target_count_1/repeat_36/1.txt"
"60","default","go-httpd","default","1","1","37","1305101","0","21751.55","60.000","/opt/auswertung/Raw/ab_dauer_testreihe/apache_benchmark_60s/default/default/go-httpd/target_count_1/repeat_37/1.txt"
"60","default","go-httpd","default","1","1","38","1306046","0","21767.26","60.000","/opt/auswertung/Raw/ab_dauer_testreihe/apache_benchmark_60s/default/default/go-httpd/target_count_1/repeat_38/1.txt"
"60","default","go-httpd","default","1","1","39","1305912","0","21765.16","60.000","/opt/auswertung/Raw/ab_dauer_testreihe/apache_benchmark_60s/default/default/go-httpd/target_count_1/repeat_39/1.txt"
"60","default","go-httpd","default","1","1","4","1302661","0","21710.86","60.000","/opt/auswertung/Raw/ab_dauer_testreihe/apache_benchmark_60s/default/default/go-httpd/target_count_1/repeat_4/1.txt"
"60","default","go-httpd","default","1","1","40","1298733","0","21645.42","60.000","/opt/auswertung/Raw/ab_dauer_testreihe/apache_benchmark_60s/default/default/go-httpd/target_count_1/repeat_40/1.txt"
"60","default","go-httpd","default","1","1","5","1281762","0","21362.28","60.001","/opt/auswertung/Raw/ab_dauer_testreihe/apache_benchmark_60s/default/default/go-httpd/target_count_1/repeat_5/1.txt"
"60","default","go-httpd","default","1","1","6","1308629","0","21810.43","60.000","/opt/auswertung/Raw/ab_dauer_testreihe/apache_benchmark_60s/default/default/go-httpd/target_count_1/repeat_6/1.txt"
"60","default","go-httpd","default","1","1","7","1318342","0","21972.26","60.000","/opt/auswertung/Raw/ab_dauer_testreihe/apache_benchmark_60s/default/default/go-httpd/target_count_1/repeat_7/1.txt"
"60","default","go-httpd","default","1","1","8","1312159","0","21869.23","60.000","/opt/auswertung/Raw/ab_dauer_testreihe/apache_benchmark_60s/default/default/go-httpd/target_count_1/repeat_8/1.txt"
"60","default","go-httpd","default","1","1","9","1303632","0","21726.97","60.001","/opt/auswertung/Raw/ab_dauer_testreihe/apache_benchmark_60s/default/default/go-httpd/target_count_1/repeat_9/1.txt"
"90","default","go-httpd","default","1","1","1","1923799","0","21375.19","90.001","/opt/auswertung/Raw/ab_dauer_testreihe/apache_benchmark_90s/default/default/go-httpd/target_count_1/repeat_1/1.txt"
"90","default","go-httpd","default","1","1","10","1964595","0","21828.77","90.000","/opt/auswertung/Raw/ab_dauer_testreihe/apache_benchmark_90s/default/default/go-httpd/target_count_1/repeat_10/1.txt"
"90","default","go-httpd","default","1","1","11","1970589","0","21895.15","90.001","/opt/auswertung/Raw/ab_dauer_testreihe/apache_benchmark_90s/default/default/go-httpd/target_count_1/repeat_11/1.txt"
"90","default","go-httpd","default","1","1","12","1963239","0","21813.68","90.000","/opt/auswertung/Raw/ab_dauer_testreihe/apache_benchmark_90s/default/default/go-httpd/target_count_1/repeat_12/1.txt"
"90","default","go-httpd","default","1","1","13","1956388","0","21737.45","90.001","/opt/auswertung/Raw/ab_dauer_testreihe/apache_benchmark_90s/default/default/go-httpd/target_count_1/repeat_13/1.txt"
"90","default","go-httpd","default","1","1","14","1946158","0","21623.71","90.001","/opt/auswertung/Raw/ab_dauer_testreihe/apache_benchmark_90s/default/default/go-httpd/target_count_1/repeat_14/1.txt"
"90","default","go-httpd","default","1","1","15","1963466","0","21816.09","90.001","/opt/auswertung/Raw/ab_dauer_testreihe/apache_benchmark_90s/default/default/go-httpd/target_count_1/repeat_15/1.txt"
"90","default","go-httpd","default","1","1","16","1946232","0","21624.55","90.001","/opt/auswertung/Raw/ab_dauer_testreihe/apache_benchmark_90s/default/default/go-httpd/target_count_1/repeat_16/1.txt"
"90","default","go-httpd","default","1","1","17","1949583","0","21661.83","90.001","/opt/auswertung/Raw/ab_dauer_testreihe/apache_benchmark_90s/default/default/go-httpd/target_count_1/repeat_17/1.txt"
"90","default","go-httpd","default","1","1","18","1954040","0","21711.42","90.001","/opt/auswertung/Raw/ab_dauer_testreihe/apache_benchmark_90s/default/default/go-httpd/target_count_1/repeat_18/1.txt"
"90","default","go-httpd","default","1","1","19","1983479","0","22038.45","90.001","/opt/auswertung/Raw/ab_dauer_testreihe/apache_benchmark_90s/default/default/go-httpd/target_count_1/repeat_19/1.txt"
"90","default","go-httpd","default","1","1","2","1951621","0","21684.45","90.001","/opt/auswertung/Raw/ab_dauer_testreihe/apache_benchmark_90s/default/default/go-httpd/target_count_1/repeat_2/1.txt"
"90","default","go-httpd","default","1","1","20","1963128","0","21812.31","90.001","/opt/auswertung/Raw/ab_dauer_testreihe/apache_benchmark_90s/default/default/go-httpd/target_count_1/repeat_20/1.txt"
"90","default","go-httpd","default","1","1","21","1946363","0","21626.06","90.001","/opt/auswertung/Raw/ab_dauer_testreihe/apache_benchmark_90s/default/default/go-httpd/target_count_1/repeat_21/1.txt"
"90","default","go-httpd","default","1","1","22","1965673","0","21840.73","90.000","/opt/auswertung/Raw/ab_dauer_testreihe/apache_benchmark_90s/default/default/go-httpd/target_count_1/repeat_22/1.txt"
"90","default","go-httpd","default","1","1","23","1958404","0","21759.84","90.001","/opt/auswertung/Raw/ab_dauer_testreihe/apache_benchmark_90s/default/default/go-httpd/target_count_1/repeat_23/1.txt"
"90","default","go-httpd","default","1","1","24","1960052","0","21778.24","90.000","/opt/auswertung/Raw/ab_dauer_testreihe/apache_benchmark_90s/default/default/go-httpd/target_count_1/repeat_24/1.txt"
"90","default","go-httpd","default","1","1","25","1970107","0","21890.08","90.000","/opt/auswertung/Raw/ab_dauer_testreihe/apache_benchmark_90s/default/default/go-httpd/target_count_1/repeat_25/1.txt"
"90","default","go-httpd","default","1","1","26","1955814","0","21731.18","90.000","/opt/auswertung/Raw/ab_dauer_testreihe/apache_benchmark_90s/default/default/go-httpd/target_count_1/repeat_26/1.txt"
"90","default","go-httpd","default","1","1","27","1954037","0","21711.39","90.001","/opt/auswertung/Raw/ab_dauer_testreihe/apache_benchmark_90s/default/default/go-httpd/target_count_1/repeat_27/1.txt"
"90","default","go-httpd","default","1","1","28","1951961","0","21688.29","90.001","/opt/auswertung/Raw/ab_dauer_testreihe/apache_benchmark_90s/default/default/go-httpd/target_count_1/repeat_28/1.txt"
"90","default","go-httpd","default","1","1","29","1960163","0","21779.24","90.001","/opt/auswertung/Raw/ab_dauer_testreihe/apache_benchmark_90s/default/default/go-httpd/target_count_1/repeat_29/1.txt"
"90","default","go-httpd","default","1","1","3","1942379","0","21581.92","90.000","/opt/auswertung/Raw/ab_dauer_testreihe/apache_benchmark_90s/default/default/go-httpd/target_count_1/repeat_3/1.txt"
"90","default","go-httpd","default","1","1","30","1956699","0","21740.84","90.001","/opt/auswertung/Raw/ab_dauer_testreihe/apache_benchmark_90s/default/default/go-httpd/target_count_1/repeat_30/1.txt"
"90","default","go-httpd","default","1","1","31","1962734","0","21807.96","90.001","/opt/auswertung/Raw/ab_dauer_testreihe/apache_benchmark_90s/default/default/go-httpd/target_count_1/repeat_31/1.txt"
"90","default","go-httpd","default","1","1","32","1943718","0","21596.83","90.000","/opt/auswertung/Raw/ab_dauer_testreihe/apache_benchmark_90s/default/default/go-httpd/target_count_1/repeat_32/1.txt"
"90","default","go-httpd","default","1","1","33","1964553","0","21828.16","90.001","/opt/auswertung/Raw/ab_dauer_testreihe/apache_benchmark_90s/default/default/go-httpd/target_count_1/repeat_33/1.txt"
"90","default","go-httpd","default","1","1","34","1936013","0","21511.05","90.001","/opt/auswertung/Raw/ab_dauer_testreihe/apache_benchmark_90s/default/default/go-httpd/target_count_1/repeat_34/1.txt"
"90","default","go-httpd","default","1","1","35","1944264","0","21602.91","90.000","/opt/auswertung/Raw/ab_dauer_testreihe/apache_benchmark_90s/default/default/go-httpd/target_count_1/repeat_35/1.txt"
"90","default","go-httpd","default","1","1","36","1952786","0","21697.60","90.000","/opt/auswertung/Raw/ab_dauer_testreihe/apache_benchmark_90s/default/default/go-httpd/target_count_1/repeat_36/1.txt"
"90","default","go-httpd","default","1","1","37","1951790","0","21686.32","90.001","/opt/auswertung/Raw/ab_dauer_testreihe/apache_benchmark_90s/default/default/go-httpd/target_count_1/repeat_37/1.txt"
"90","default","go-httpd","default","1","1","38","1978091","0","21978.42","90.002","/opt/auswertung/Raw/ab_dauer_testreihe/apache_benchmark_90s/default/default/go-httpd/target_count_1/repeat_38/1.txt"
"90","default","go-httpd","default","1","1","39","1959899","0","21776.61","90.000","/opt/auswertung/Raw/ab_dauer_testreihe/apache_benchmark_90s/default/default/go-httpd/target_count_1/repeat_39/1.txt"
"90","default","go-httpd","default","1","1","4","1950888","0","21676.51","90.000","/opt/auswertung/Raw/ab_dauer_testreihe/apache_benchmark_90s/default/default/go-httpd/target_count_1/repeat_4/1.txt"
"90","default","go-httpd","default","1","1","40","1967490","0","21860.80","90.001","/opt/auswertung/Raw/ab_dauer_testreihe/apache_benchmark_90s/default/default/go-httpd/target_count_1/repeat_40/1.txt"
"90","default","go-httpd","default","1","1","5","1961259","0","21791.73","90.000","/opt/auswertung/Raw/ab_dauer_testreihe/apache_benchmark_90s/default/default/go-httpd/target_count_1/repeat_5/1.txt"
"90","default","go-httpd","default","1","1","6","1960730","0","21785.63","90.001","/opt/auswertung/Raw/ab_dauer_testreihe/apache_benchmark_90s/default/default/go-httpd/target_count_1/repeat_6/1.txt"
"90","default","go-httpd","default","1","1","7","1978386","0","21981.85","90.001","/opt/auswertung/Raw/ab_dauer_testreihe/apache_benchmark_90s/default/default/go-httpd/target_count_1/repeat_7/1.txt"
"90","default","go-httpd","default","1","1","8","1973402","0","21926.46","90.001","/opt/auswertung/Raw/ab_dauer_testreihe/apache_benchmark_90s/default/default/go-httpd/target_count_1/repeat_8/1.txt"
"90","default","go-httpd","default","1","1","9","1961054","0","21789.20","90.001","/opt/auswertung/Raw/ab_dauer_testreihe/apache_benchmark_90s/default/default/go-httpd/target_count_1/repeat_9/1.txt"
"120","default","go-httpd","default","1","1","1","2598259","0","21652.15","120.000","/opt/auswertung/Raw/ab_dauer_testreihe/apache_benchmark_120s/default/default/go-httpd/target_count_1/repeat_1/1.txt"
"120","default","go-httpd","default","1","1","10","2598496","0","21653.97","120.001","/opt/auswertung/Raw/ab_dauer_testreihe/apache_benchmark_120s/default/default/go-httpd/target_count_1/repeat_10/1.txt"
"120","default","go-httpd","default","1","1","11","2598751","0","21656.06","120.001","/opt/auswertung/Raw/ab_dauer_testreihe/apache_benchmark_120s/default/default/go-httpd/target_count_1/repeat_11/1.txt"
"120","default","go-httpd","default","1","1","12","2575449","0","21462.02","120.000","/opt/auswertung/Raw/ab_dauer_testreihe/apache_benchmark_120s/default/default/go-httpd/target_count_1/repeat_12/1.txt"
"120","default","go-httpd","default","1","1","13","2636872","0","21973.71","120.001","/opt/auswertung/Raw/ab_dauer_testreihe/apache_benchmark_120s/default/default/go-httpd/target_count_1/repeat_13/1.txt"
"120","default","go-httpd","default","1","1","14","2595429","0","21628.47","120.001","/opt/auswertung/Raw/ab_dauer_testreihe/apache_benchmark_120s/default/default/go-httpd/target_count_1/repeat_14/1.txt"
"120","default","go-httpd","default","1","1","15","2600401","0","21669.85","120.001","/opt/auswertung/Raw/ab_dauer_testreihe/apache_benchmark_120s/default/default/go-httpd/target_count_1/repeat_15/1.txt"
"120","default","go-httpd","default","1","1","16","2579001","0","21491.63","120.000","/opt/auswertung/Raw/ab_dauer_testreihe/apache_benchmark_120s/default/default/go-httpd/target_count_1/repeat_16/1.txt"
"120","default","go-httpd","default","1","1","17","2577780","0","21481.50","120.000","/opt/auswertung/Raw/ab_dauer_testreihe/apache_benchmark_120s/default/default/go-httpd/target_count_1/repeat_17/1.txt"
"120","default","go-httpd","default","1","1","18","2612176","0","21768.08","120.000","/opt/auswertung/Raw/ab_dauer_testreihe/apache_benchmark_120s/default/default/go-httpd/target_count_1/repeat_18/1.txt"
"120","default","go-httpd","default","1","1","19","2591788","0","21598.13","120.001","/opt/auswertung/Raw/ab_dauer_testreihe/apache_benchmark_120s/default/default/go-httpd/target_count_1/repeat_19/1.txt"
"120","default","go-httpd","default","1","1","2","2621335","0","21844.43","120.000","/opt/auswertung/Raw/ab_dauer_testreihe/apache_benchmark_120s/default/default/go-httpd/target_count_1/repeat_2/1.txt"
"120","default","go-httpd","default","1","1","20","2619621","0","21830.05","120.001","/opt/auswertung/Raw/ab_dauer_testreihe/apache_benchmark_120s/default/default/go-httpd/target_count_1/repeat_20/1.txt"
"120","default","go-httpd","default","1","1","21","2595552","0","21629.56","120.000","/opt/auswertung/Raw/ab_dauer_testreihe/apache_benchmark_120s/default/default/go-httpd/target_count_1/repeat_21/1.txt"
"120","default","go-httpd","default","1","1","22","2591642","0","21596.81","120.001","/opt/auswertung/Raw/ab_dauer_testreihe/apache_benchmark_120s/default/default/go-httpd/target_count_1/repeat_22/1.txt"
"120","default","go-httpd","default","1","1","23","2624555","0","21871.24","120.000","/opt/auswertung/Raw/ab_dauer_testreihe/apache_benchmark_120s/default/default/go-httpd/target_count_1/repeat_23/1.txt"
"120","default","go-httpd","default","1","1","24","2609718","0","21747.51","120.001","/opt/auswertung/Raw/ab_dauer_testreihe/apache_benchmark_120s/default/default/go-httpd/target_count_1/repeat_24/1.txt"
"120","default","go-httpd","default","1","1","25","2610734","0","21756.00","120.001","/opt/auswertung/Raw/ab_dauer_testreihe/apache_benchmark_120s/default/default/go-httpd/target_count_1/repeat_25/1.txt"
"120","default","go-httpd","default","1","1","26","2619724","0","21830.95","120.000","/opt/auswertung/Raw/ab_dauer_testreihe/apache_benchmark_120s/default/default/go-httpd/target_count_1/repeat_26/1.txt"
"120","default","go-httpd","default","1","1","27","2606086","0","21717.36","120.000","/opt/auswertung/Raw/ab_dauer_testreihe/apache_benchmark_120s/default/default/go-httpd/target_count_1/repeat_27/1.txt"
"120","default","go-httpd","default","1","1","28","2634760","0","21956.25","120.000","/opt/auswertung/Raw/ab_dauer_testreihe/apache_benchmark_120s/default/default/go-httpd/target_count_1/repeat_28/1.txt"
"120","default","go-httpd","default","1","1","29","2598796","0","21656.46","120.001","/opt/auswertung/Raw/ab_dauer_testreihe/apache_benchmark_120s/default/default/go-httpd/target_count_1/repeat_29/1.txt"
"120","default","go-httpd","default","1","1","3","2615341","0","21794.30","120.001","/opt/auswertung/Raw/ab_dauer_testreihe/apache_benchmark_120s/default/default/go-httpd/target_count_1/repeat_3/1.txt"
"120","default","go-httpd","default","1","1","30","2633530","0","21946.03","120.000","/opt/auswertung/Raw/ab_dauer_testreihe/apache_benchmark_120s/default/default/go-httpd/target_count_1/repeat_30/1.txt"
"120","default","go-httpd","default","1","1","31","2627459","0","21895.45","120.000","/opt/auswertung/Raw/ab_dauer_testreihe/apache_benchmark_120s/default/default/go-httpd/target_count_1/repeat_31/1.txt"
"120","default","go-httpd","default","1","1","32","2595359","0","21627.82","120.001","/opt/auswertung/Raw/ab_dauer_testreihe/apache_benchmark_120s/default/default/go-httpd/target_count_1/repeat_32/1.txt"
"120","default","go-httpd","default","1","1","33","2597823","0","21648.50","120.000","/opt/auswertung/Raw/ab_dauer_testreihe/apache_benchmark_120s/default/default/go-httpd/target_count_1/repeat_33/1.txt"
"120","default","go-httpd","default","1","1","34","2608081","0","21734.00","120.000","/opt/auswertung/Raw/ab_dauer_testreihe/apache_benchmark_120s/default/default/go-httpd/target_count_1/repeat_34/1.txt"
"120","default","go-httpd","default","1","1","35","2584967","0","21541.34","120.000","/opt/auswertung/Raw/ab_dauer_testreihe/apache_benchmark_120s/default/default/go-httpd/target_count_1/repeat_35/1.txt"
"120","default","go-httpd","default","1","1","36","2607903","0","21732.50","120.000","/opt/auswertung/Raw/ab_dauer_testreihe/apache_benchmark_120s/default/default/go-httpd/target_count_1/repeat_36/1.txt"
"120","default","go-httpd","default","1","1","37","2613352","0","21777.93","120.000","/opt/auswertung/Raw/ab_dauer_testreihe/apache_benchmark_120s/default/default/go-httpd/target_count_1/repeat_37/1.txt"
"120","default","go-httpd","default","1","1","38","2605504","0","21712.52","120.000","/opt/auswertung/Raw/ab_dauer_testreihe/apache_benchmark_120s/default/default/go-httpd/target_count_1/repeat_38/1.txt"
"120","default","go-httpd","default","1","1","39","2600595","0","21671.51","120.001","/opt/auswertung/Raw/ab_dauer_testreihe/apache_benchmark_120s/default/default/go-httpd/target_count_1/repeat_39/1.txt"
"120","default","go-httpd","default","1","1","4","2610376","0","21753.01","120.001","/opt/auswertung/Raw/ab_dauer_testreihe/apache_benchmark_120s/default/default/go-httpd/target_count_1/repeat_4/1.txt"
"120","default","go-httpd","default","1","1","40","2613496","0","21779.11","120.000","/opt/auswertung/Raw/ab_dauer_testreihe/apache_benchmark_120s/default/default/go-httpd/target_count_1/repeat_40/1.txt"
"120","default","go-httpd","default","1","1","5","2615361","0","21794.47","120.001","/opt/auswertung/Raw/ab_dauer_testreihe/apache_benchmark_120s/default/default/go-httpd/target_count_1/repeat_5/1.txt"
"120","default","go-httpd","default","1","1","6","2619527","0","21829.34","120.000","/opt/auswertung/Raw/ab_dauer_testreihe/apache_benchmark_120s/default/default/go-httpd/target_count_1/repeat_6/1.txt"
"120","default","go-httpd","default","1","1","7","2622250","0","21852.01","120.000","/opt/auswertung/Raw/ab_dauer_testreihe/apache_benchmark_120s/default/default/go-httpd/target_count_1/repeat_7/1.txt"
"120","default","go-httpd","default","1","1","8","2617025","0","21808.33","120.001","/opt/auswertung/Raw/ab_dauer_testreihe/apache_benchmark_120s/default/default/go-httpd/target_count_1/repeat_8/1.txt"
"120","default","go-httpd","default","1","1","9","2575340","0","21460.97","120.001","/opt/auswertung/Raw/ab_dauer_testreihe/apache_benchmark_120s/default/default/go-httpd/target_count_1/repeat_9/1.txt"
"240","default","go-httpd","default","1","1","1","5223973","0","21766.52","240.000","/opt/auswertung/Raw/ab_dauer_testreihe/apache_benchmark_240s/default/default/go-httpd/target_count_1/repeat_1/1.txt"
"240","default","go-httpd","default","1","1","10","5249095","0","21871.13","240.001","/opt/auswertung/Raw/ab_dauer_testreihe/apache_benchmark_240s/default/default/go-httpd/target_count_1/repeat_10/1.txt"
"240","default","go-httpd","default","1","1","11","5287750","0","22032.23","240.001","/opt/auswertung/Raw/ab_dauer_testreihe/apache_benchmark_240s/default/default/go-httpd/target_count_1/repeat_11/1.txt"
"240","default","go-httpd","default","1","1","12","5216071","0","21733.56","240.001","/opt/auswertung/Raw/ab_dauer_testreihe/apache_benchmark_240s/default/default/go-httpd/target_count_1/repeat_12/1.txt"
"240","default","go-httpd","default","1","1","13","5180606","0","21585.81","240.000","/opt/auswertung/Raw/ab_dauer_testreihe/apache_benchmark_240s/default/default/go-httpd/target_count_1/repeat_13/1.txt"
"240","default","go-httpd","default","1","1","14","5177622","0","21573.39","240.000","/opt/auswertung/Raw/ab_dauer_testreihe/apache_benchmark_240s/default/default/go-httpd/target_count_1/repeat_14/1.txt"
"240","default","go-httpd","default","1","1","15","5208888","0","21703.59","240.001","/opt/auswertung/Raw/ab_dauer_testreihe/apache_benchmark_240s/default/default/go-httpd/target_count_1/repeat_15/1.txt"
"240","default","go-httpd","default","1","1","16","5220205","0","21750.82","240.000","/opt/auswertung/Raw/ab_dauer_testreihe/apache_benchmark_240s/default/default/go-httpd/target_count_1/repeat_16/1.txt"
"240","default","go-httpd","default","1","1","17","5251218","0","21880.02","240.001","/opt/auswertung/Raw/ab_dauer_testreihe/apache_benchmark_240s/default/default/go-httpd/target_count_1/repeat_17/1.txt"
"240","default","go-httpd","default","1","1","18","5232807","0","21803.28","240.001","/opt/auswertung/Raw/ab_dauer_testreihe/apache_benchmark_240s/default/default/go-httpd/target_count_1/repeat_18/1.txt"
"240","default","go-httpd","default","1","1","19","5229111","0","21787.91","240.001","/opt/auswertung/Raw/ab_dauer_testreihe/apache_benchmark_240s/default/default/go-httpd/target_count_1/repeat_19/1.txt"
"240","default","go-httpd","default","1","1","2","5226278","0","21776.09","240.001","/opt/auswertung/Raw/ab_dauer_testreihe/apache_benchmark_240s/default/default/go-httpd/target_count_1/repeat_2/1.txt"
"240","default","go-httpd","default","1","1","20","5231702","0","21798.70","240.001","/opt/auswertung/Raw/ab_dauer_testreihe/apache_benchmark_240s/default/default/go-httpd/target_count_1/repeat_20/1.txt"
"240","default","go-httpd","default","1","1","21","5172061","0","21550.15","240.001","/opt/auswertung/Raw/ab_dauer_testreihe/apache_benchmark_240s/default/default/go-httpd/target_count_1/repeat_21/1.txt"
"240","default","go-httpd","default","1","1","22","5244340","0","21851.35","240.001","/opt/auswertung/Raw/ab_dauer_testreihe/apache_benchmark_240s/default/default/go-httpd/target_count_1/repeat_22/1.txt"
"240","default","go-httpd","default","1","1","23","5256140","0","21900.55","240.000","/opt/auswertung/Raw/ab_dauer_testreihe/apache_benchmark_240s/default/default/go-httpd/target_count_1/repeat_23/1.txt"
"240","default","go-httpd","default","1","1","24","5249291","0","21871.98","240.001","/opt/auswertung/Raw/ab_dauer_testreihe/apache_benchmark_240s/default/default/go-httpd/target_count_1/repeat_24/1.txt"
"240","default","go-httpd","default","1","1","25","5198560","0","21660.60","240.001","/opt/auswertung/Raw/ab_dauer_testreihe/apache_benchmark_240s/default/default/go-httpd/target_count_1/repeat_25/1.txt"
"240","default","go-httpd","default","1","1","26","5224516","0","21768.68","240.001","/opt/auswertung/Raw/ab_dauer_testreihe/apache_benchmark_240s/default/default/go-httpd/target_count_1/repeat_26/1.txt"
"240","default","go-httpd","default","1","1","27","5203295","0","21680.36","240.000","/opt/auswertung/Raw/ab_dauer_testreihe/apache_benchmark_240s/default/default/go-httpd/target_count_1/repeat_27/1.txt"
"240","default","go-httpd","default","1","1","28","5258204","0","21909.06","240.001","/opt/auswertung/Raw/ab_dauer_testreihe/apache_benchmark_240s/default/default/go-httpd/target_count_1/repeat_28/1.txt"
"240","default","go-httpd","default","1","1","29","5184942","0","21603.90","240.000","/opt/auswertung/Raw/ab_dauer_testreihe/apache_benchmark_240s/default/default/go-httpd/target_count_1/repeat_29/1.txt"
"240","default","go-httpd","default","1","1","3","5230479","0","21793.57","240.001","/opt/auswertung/Raw/ab_dauer_testreihe/apache_benchmark_240s/default/default/go-httpd/target_count_1/repeat_3/1.txt"
"240","default","go-httpd","default","1","1","30","5227985","0","21783.23","240.000","/opt/auswertung/Raw/ab_dauer_testreihe/apache_benchmark_240s/default/default/go-httpd/target_count_1/repeat_30/1.txt"
"240","default","go-httpd","default","1","1","31","5225133","0","21771.29","240.001","/opt/auswertung/Raw/ab_dauer_testreihe/apache_benchmark_240s/default/default/go-httpd/target_count_1/repeat_31/1.txt"
"240","default","go-httpd","default","1","1","32","5261465","0","21922.76","240.000","/opt/auswertung/Raw/ab_dauer_testreihe/apache_benchmark_240s/default/default/go-httpd/target_count_1/repeat_32/1.txt"
"240","default","go-httpd","default","1","1","33","5227757","0","21782.31","240.000","/opt/auswertung/Raw/ab_dauer_testreihe/apache_benchmark_240s/default/default/go-httpd/target_count_1/repeat_33/1.txt"
"240","default","go-httpd","default","1","1","34","5218080","0","21741.96","240.000","/opt/auswertung/Raw/ab_dauer_testreihe/apache_benchmark_240s/default/default/go-httpd/target_count_1/repeat_34/1.txt"
"240","default","go-httpd","default","1","1","35","5197928","0","21658.01","240.000","/opt/auswertung/Raw/ab_dauer_testreihe/apache_benchmark_240s/default/default/go-httpd/target_count_1/repeat_35/1.txt"
"240","default","go-httpd","default","1","1","36","5258740","0","21911.33","240.001","/opt/auswertung/Raw/ab_dauer_testreihe/apache_benchmark_240s/default/default/go-httpd/target_count_1/repeat_36/1.txt"
"240","default","go-httpd","default","1","1","37","5214107","0","21725.37","240.001","/opt/auswertung/Raw/ab_dauer_testreihe/apache_benchmark_240s/default/default/go-httpd/target_count_1/repeat_37/1.txt"
"240","default","go-httpd","default","1","1","38","5262328","0","21926.28","240.001","/opt/auswertung/Raw/ab_dauer_testreihe/apache_benchmark_240s/default/default/go-httpd/target_count_1/repeat_38/1.txt"
"240","default","go-httpd","default","1","1","39","5160685","0","21502.74","240.001","/opt/auswertung/Raw/ab_dauer_testreihe/apache_benchmark_240s/default/default/go-httpd/target_count_1/repeat_39/1.txt"
"240","default","go-httpd","default","1","1","4","5239961","0","21833.07","240.001","/opt/auswertung/Raw/ab_dauer_testreihe/apache_benchmark_240s/default/default/go-httpd/target_count_1/repeat_4/1.txt"
"240","default","go-httpd","default","1","1","40","5241887","0","21841.19","240.000","/opt/auswertung/Raw/ab_dauer_testreihe/apache_benchmark_240s/default/default/go-httpd/target_count_1/repeat_40/1.txt"
"240","default","go-httpd","default","1","1","5","5253092","0","21887.79","240.001","/opt/auswertung/Raw/ab_dauer_testreihe/apache_benchmark_240s/default/default/go-httpd/target_count_1/repeat_5/1.txt"
"240","default","go-httpd","default","1","1","6","5211565","0","21714.74","240.001","/opt/auswertung/Raw/ab_dauer_testreihe/apache_benchmark_240s/default/default/go-httpd/target_count_1/repeat_6/1.txt"
"240","default","go-httpd","default","1","1","7","5236652","0","21819.34","240.000","/opt/auswertung/Raw/ab_dauer_testreihe/apache_benchmark_240s/default/default/go-httpd/target_count_1/repeat_7/1.txt"
"240","default","go-httpd","default","1","1","8","5159982","0","21499.91","240.000","/opt/auswertung/Raw/ab_dauer_testreihe/apache_benchmark_240s/default/default/go-httpd/target_count_1/repeat_8/1.txt"
"240","default","go-httpd","default","1","1","9","5264816","0","21936.65","240.001","/opt/auswertung/Raw/ab_dauer_testreihe/apache_benchmark_240s/default/default/go-httpd/target_count_1/repeat_9/1.txt"
