runtime,image_name,ressource_limit,number_of_targets,targetId,requests_per_second
default,go-httpd,default,1,1,35
default,go-httpd,default,2,1,35
default,go-httpd,default,2,2,35
default,go-httpd,default,3,1,35
default,go-httpd,default,3,2,35
default,go-httpd,default,3,3,35
default,go-httpd,default,5,1,35
default,go-httpd,default,5,2,35
default,go-httpd,default,5,3,35
default,go-httpd,default,5,4,35
default,go-httpd,default,5,5,35
default,go-httpd,default,8,1,35
default,go-httpd,default,8,2,35
default,go-httpd,default,8,3,35
default,go-httpd,default,8,4,35
default,go-httpd,default,8,5,35
default,go-httpd,default,8,6,35
default,go-httpd,default,8,7,35
default,go-httpd,default,8,8,35
default,go-httpd,default,13,1,35
default,go-httpd,default,13,2,35
default,go-httpd,default,13,3,35
default,go-httpd,default,13,4,35
default,go-httpd,default,13,5,35
default,go-httpd,default,13,6,35
default,go-httpd,default,13,7,35
default,go-httpd,default,13,8,35
default,go-httpd,default,13,9,35
default,go-httpd,default,13,10,35
default,go-httpd,default,13,11,35
default,go-httpd,default,13,12,35
default,go-httpd,default,13,13,35
default,go-httpd,default,21,1,35
default,go-httpd,default,21,2,35
default,go-httpd,default,21,3,35
default,go-httpd,default,21,4,35
default,go-httpd,default,21,5,35
default,go-httpd,default,21,6,35
default,go-httpd,default,21,7,35
default,go-httpd,default,21,8,35
default,go-httpd,default,21,9,34
default,go-httpd,default,21,10,35
default,go-httpd,default,21,11,35
default,go-httpd,default,21,12,35
default,go-httpd,default,21,13,35
default,go-httpd,default,21,14,35
default,go-httpd,default,21,15,35
default,go-httpd,default,21,16,35
default,go-httpd,default,21,17,35
default,go-httpd,default,21,18,35
default,go-httpd,default,21,19,35
default,go-httpd,default,21,20,35
default,go-httpd,default,21,21,35
default,go-httpd,max,1,1,35
default,go-httpd,max,2,1,34
default,go-httpd,max,2,2,35
default,go-httpd,max,3,1,35
default,go-httpd,max,3,2,35
default,go-httpd,max,3,3,35
default,go-httpd,max,5,1,35
default,go-httpd,max,5,2,35
default,go-httpd,max,5,3,35
default,go-httpd,max,5,4,35
default,go-httpd,max,5,5,35
default,go-httpd,max,8,1,35
default,go-httpd,max,8,2,35
default,go-httpd,max,8,3,35
default,go-httpd,max,8,4,35
default,go-httpd,max,8,5,35
default,go-httpd,max,8,6,35
default,go-httpd,max,8,7,35
default,go-httpd,max,8,8,35
default,go-httpd,max,13,1,35
default,go-httpd,max,13,2,34
default,go-httpd,max,13,3,35
default,go-httpd,max,13,4,35
default,go-httpd,max,13,5,35
default,go-httpd,max,13,6,35
default,go-httpd,max,13,7,35
default,go-httpd,max,13,8,35
default,go-httpd,max,13,9,35
default,go-httpd,max,13,10,35
default,go-httpd,max,13,11,34
default,go-httpd,max,13,12,35
default,go-httpd,max,13,13,35
default,go-httpd,max,21,1,35
default,go-httpd,max,21,2,35
default,go-httpd,max,21,3,35
default,go-httpd,max,21,4,35
default,go-httpd,max,21,5,35
default,go-httpd,max,21,6,35
default,go-httpd,max,21,7,35
default,go-httpd,max,21,8,35
default,go-httpd,max,21,9,35
default,go-httpd,max,21,10,35
default,go-httpd,max,21,11,35
default,go-httpd,max,21,12,35
default,go-httpd,max,21,13,35
default,go-httpd,max,21,14,35
default,go-httpd,max,21,15,35
default,go-httpd,max,21,16,35
default,go-httpd,max,21,17,35
default,go-httpd,max,21,18,35
default,go-httpd,max,21,19,35
default,go-httpd,max,21,20,35
default,go-httpd,max,21,21,35
default,go-httpd,min,1,1,35
default,go-httpd,min,2,1,35
default,go-httpd,min,2,2,35
default,go-httpd,min,3,1,35
default,go-httpd,min,3,2,35
default,go-httpd,min,3,3,35
default,go-httpd,min,5,1,35
default,go-httpd,min,5,2,35
default,go-httpd,min,5,3,35
default,go-httpd,min,5,4,35
default,go-httpd,min,5,5,35
default,go-httpd,min,8,1,35
default,go-httpd,min,8,2,35
default,go-httpd,min,8,3,35
default,go-httpd,min,8,4,35
default,go-httpd,min,8,5,35
default,go-httpd,min,8,6,35
default,go-httpd,min,8,7,35
default,go-httpd,min,8,8,35
default,go-httpd,min,13,1,35
default,go-httpd,min,13,2,35
default,go-httpd,min,13,3,35
default,go-httpd,min,13,4,34
default,go-httpd,min,13,5,35
default,go-httpd,min,13,6,35
default,go-httpd,min,13,7,35
default,go-httpd,min,13,8,35
default,go-httpd,min,13,9,35
default,go-httpd,min,13,10,35
default,go-httpd,min,13,11,35
default,go-httpd,min,13,12,35
default,go-httpd,min,13,13,35
default,go-httpd,min,21,1,35
default,go-httpd,min,21,2,35
default,go-httpd,min,21,3,35
default,go-httpd,min,21,4,35
default,go-httpd,min,21,5,35
default,go-httpd,min,21,6,35
default,go-httpd,min,21,7,35
default,go-httpd,min,21,8,35
default,go-httpd,min,21,9,35
default,go-httpd,min,21,10,35
default,go-httpd,min,21,11,35
default,go-httpd,min,21,12,34
default,go-httpd,min,21,13,35
default,go-httpd,min,21,14,35
default,go-httpd,min,21,15,35
default,go-httpd,min,21,16,35
default,go-httpd,min,21,17,35
default,go-httpd,min,21,18,35
default,go-httpd,min,21,19,35
default,go-httpd,min,21,20,35
default,go-httpd,min,21,21,35
default,httpd,default,1,1,35
default,httpd,default,2,1,35
default,httpd,default,2,2,35
default,httpd,default,3,1,35
default,httpd,default,3,2,35
default,httpd,default,3,3,35
default,httpd,default,5,1,35
default,httpd,default,5,2,35
default,httpd,default,5,3,35
default,httpd,default,5,4,35
default,httpd,default,5,5,35
default,httpd,default,8,1,35
default,httpd,default,8,2,35
default,httpd,default,8,3,35
default,httpd,default,8,4,35
default,httpd,default,8,5,35
default,httpd,default,8,6,35
default,httpd,default,8,7,35
default,httpd,default,8,8,35
default,httpd,default,13,1,35
default,httpd,default,13,2,35
default,httpd,default,13,3,35
default,httpd,default,13,4,35
default,httpd,default,13,5,35
default,httpd,default,13,6,35
default,httpd,default,13,7,35
default,httpd,default,13,8,35
default,httpd,default,13,9,35
default,httpd,default,13,10,35
default,httpd,default,13,11,35
default,httpd,default,13,12,35
default,httpd,default,13,13,35
default,httpd,default,21,1,35
default,httpd,default,21,2,35
default,httpd,default,21,3,35
default,httpd,default,21,4,35
default,httpd,default,21,5,35
default,httpd,default,21,6,35
default,httpd,default,21,7,35
default,httpd,default,21,8,35
default,httpd,default,21,9,35
default,httpd,default,21,10,35
default,httpd,default,21,11,35
default,httpd,default,21,12,35
default,httpd,default,21,13,35
default,httpd,default,21,14,35
default,httpd,default,21,15,35
default,httpd,default,21,16,35
default,httpd,default,21,17,35
default,httpd,default,21,18,35
default,httpd,default,21,19,35
default,httpd,default,21,20,35
default,httpd,default,21,21,35
default,httpd,max,1,1,35
default,httpd,max,2,1,35
default,httpd,max,2,2,35
default,httpd,max,3,1,35
default,httpd,max,3,2,35
default,httpd,max,3,3,35
default,httpd,max,5,1,35
default,httpd,max,5,2,34
default,httpd,max,5,3,35
default,httpd,max,5,4,35
default,httpd,max,5,5,35
default,httpd,max,8,1,35
default,httpd,max,8,2,35
default,httpd,max,8,3,35
default,httpd,max,8,4,35
default,httpd,max,8,5,34
default,httpd,max,8,6,35
default,httpd,max,8,7,35
default,httpd,max,8,8,35
default,httpd,max,13,1,35
default,httpd,max,13,2,35
default,httpd,max,13,3,35
default,httpd,max,13,4,35
default,httpd,max,13,5,35
default,httpd,max,13,6,35
default,httpd,max,13,7,35
default,httpd,max,13,8,35
default,httpd,max,13,9,34
default,httpd,max,13,10,35
default,httpd,max,13,11,35
default,httpd,max,13,12,35
default,httpd,max,13,13,35
default,httpd,max,21,1,35
default,httpd,max,21,2,35
default,httpd,max,21,3,35
default,httpd,max,21,4,35
default,httpd,max,21,5,35
default,httpd,max,21,6,35
default,httpd,max,21,7,35
default,httpd,max,21,8,35
default,httpd,max,21,9,35
default,httpd,max,21,10,35
default,httpd,max,21,11,35
default,httpd,max,21,12,35
default,httpd,max,21,13,35
default,httpd,max,21,14,34
default,httpd,max,21,15,35
default,httpd,max,21,16,35
default,httpd,max,21,17,35
default,httpd,max,21,18,35
default,httpd,max,21,19,35
default,httpd,max,21,20,35
default,httpd,max,21,21,35
default,httpd,min,1,1,35
default,httpd,min,2,1,35
default,httpd,min,2,2,35
default,httpd,min,3,1,35
default,httpd,min,3,2,35
default,httpd,min,3,3,35
default,httpd,min,5,1,35
default,httpd,min,5,2,35
default,httpd,min,5,3,35
default,httpd,min,5,4,35
default,httpd,min,5,5,35
default,httpd,min,8,1,35
default,httpd,min,8,2,35
default,httpd,min,8,3,35
default,httpd,min,8,4,35
default,httpd,min,8,5,35
default,httpd,min,8,6,35
default,httpd,min,8,7,35
default,httpd,min,8,8,35
default,httpd,min,13,1,35
default,httpd,min,13,2,35
default,httpd,min,13,3,35
default,httpd,min,13,4,35
default,httpd,min,13,5,35
default,httpd,min,13,6,35
default,httpd,min,13,7,35
default,httpd,min,13,8,35
default,httpd,min,13,9,35
default,httpd,min,13,10,35
default,httpd,min,13,11,35
default,httpd,min,13,12,35
default,httpd,min,13,13,35
default,httpd,min,21,1,35
default,httpd,min,21,2,35
default,httpd,min,21,3,35
default,httpd,min,21,4,35
default,httpd,min,21,5,35
default,httpd,min,21,6,35
default,httpd,min,21,7,35
default,httpd,min,21,8,35
default,httpd,min,21,9,34
default,httpd,min,21,10,35
default,httpd,min,21,11,35
default,httpd,min,21,12,35
default,httpd,min,21,13,35
default,httpd,min,21,14,35
default,httpd,min,21,15,35
default,httpd,min,21,16,35
default,httpd,min,21,17,34
default,httpd,min,21,18,35
default,httpd,min,21,19,35
default,httpd,min,21,20,35
default,httpd,min,21,21,35
default,nginx,default,1,1,35
default,nginx,default,2,1,34
default,nginx,default,2,2,35
default,nginx,default,3,1,35
default,nginx,default,3,2,35
default,nginx,default,3,3,35
default,nginx,default,5,1,35
default,nginx,default,5,2,35
default,nginx,default,5,3,35
default,nginx,default,5,4,35
default,nginx,default,5,5,35
default,nginx,default,8,1,35
default,nginx,default,8,2,35
default,nginx,default,8,3,35
default,nginx,default,8,4,35
default,nginx,default,8,5,35
default,nginx,default,8,6,35
default,nginx,default,8,7,35
default,nginx,default,8,8,35
default,nginx,default,13,1,35
default,nginx,default,13,2,35
default,nginx,default,13,3,35
default,nginx,default,13,4,35
default,nginx,default,13,5,35
default,nginx,default,13,6,35
default,nginx,default,13,7,35
default,nginx,default,13,8,35
default,nginx,default,13,9,34
default,nginx,default,13,10,35
default,nginx,default,13,11,35
default,nginx,default,13,12,35
default,nginx,default,13,13,35
default,nginx,default,21,1,35
default,nginx,default,21,2,35
default,nginx,default,21,3,35
default,nginx,default,21,4,34
default,nginx,default,21,5,35
default,nginx,default,21,6,35
default,nginx,default,21,7,35
default,nginx,default,21,8,35
default,nginx,default,21,9,35
default,nginx,default,21,10,35
default,nginx,default,21,11,35
default,nginx,default,21,12,35
default,nginx,default,21,13,35
default,nginx,default,21,14,35
default,nginx,default,21,15,35
default,nginx,default,21,16,35
default,nginx,default,21,17,35
default,nginx,default,21,18,35
default,nginx,default,21,19,35
default,nginx,default,21,20,35
default,nginx,default,21,21,35
default,nginx,max,1,1,35
default,nginx,max,2,1,35
default,nginx,max,2,2,35
default,nginx,max,3,1,35
default,nginx,max,3,2,35
default,nginx,max,3,3,35
default,nginx,max,5,1,35
default,nginx,max,5,2,35
default,nginx,max,5,3,35
default,nginx,max,5,4,35
default,nginx,max,5,5,35
default,nginx,max,8,1,34
default,nginx,max,8,2,35
default,nginx,max,8,3,35
default,nginx,max,8,4,35
default,nginx,max,8,5,35
default,nginx,max,8,6,35
default,nginx,max,8,7,35
default,nginx,max,8,8,35
default,nginx,max,13,1,35
default,nginx,max,13,2,35
default,nginx,max,13,3,35
default,nginx,max,13,4,35
default,nginx,max,13,5,35
default,nginx,max,13,6,35
default,nginx,max,13,7,35
default,nginx,max,13,8,35
default,nginx,max,13,9,35
default,nginx,max,13,10,35
default,nginx,max,13,11,35
default,nginx,max,13,12,35
default,nginx,max,13,13,35
default,nginx,max,21,1,35
default,nginx,max,21,2,35
default,nginx,max,21,3,35
default,nginx,max,21,4,35
default,nginx,max,21,5,35
default,nginx,max,21,6,35
default,nginx,max,21,7,35
default,nginx,max,21,8,35
default,nginx,max,21,9,35
default,nginx,max,21,10,35
default,nginx,max,21,11,35
default,nginx,max,21,12,35
default,nginx,max,21,13,35
default,nginx,max,21,14,35
default,nginx,max,21,15,35
default,nginx,max,21,16,35
default,nginx,max,21,17,35
default,nginx,max,21,18,35
default,nginx,max,21,19,35
default,nginx,max,21,20,35
default,nginx,max,21,21,35
default,nginx,min,1,1,35
default,nginx,min,2,1,35
default,nginx,min,2,2,35
default,nginx,min,3,1,35
default,nginx,min,3,2,35
default,nginx,min,3,3,35
default,nginx,min,5,1,35
default,nginx,min,5,2,35
default,nginx,min,5,3,35
default,nginx,min,5,4,35
default,nginx,min,5,5,35
default,nginx,min,8,1,35
default,nginx,min,8,2,35
default,nginx,min,8,3,35
default,nginx,min,8,4,35
default,nginx,min,8,5,35
default,nginx,min,8,6,35
default,nginx,min,8,7,35
default,nginx,min,8,8,35
default,nginx,min,13,1,35
default,nginx,min,13,2,35
default,nginx,min,13,3,35
default,nginx,min,13,4,35
default,nginx,min,13,5,35
default,nginx,min,13,6,35
default,nginx,min,13,7,35
default,nginx,min,13,8,35
default,nginx,min,13,9,35
default,nginx,min,13,10,35
default,nginx,min,13,11,35
default,nginx,min,13,12,35
default,nginx,min,13,13,35
default,nginx,min,21,1,35
default,nginx,min,21,2,35
default,nginx,min,21,3,35
default,nginx,min,21,4,35
default,nginx,min,21,5,35
default,nginx,min,21,6,35
default,nginx,min,21,7,35
default,nginx,min,21,8,35
default,nginx,min,21,9,35
default,nginx,min,21,10,35
default,nginx,min,21,11,35
default,nginx,min,21,12,34
default,nginx,min,21,13,35
default,nginx,min,21,14,35
default,nginx,min,21,15,35
default,nginx,min,21,16,35
default,nginx,min,21,17,35
default,nginx,min,21,18,35
default,nginx,min,21,19,35
default,nginx,min,21,20,34
default,nginx,min,21,21,35
default,python-tornado,default,1,1,35
default,python-tornado,default,2,1,35
default,python-tornado,default,2,2,35
default,python-tornado,default,3,1,35
default,python-tornado,default,3,2,35
default,python-tornado,default,3,3,35
default,python-tornado,default,5,1,34
default,python-tornado,default,5,2,35
default,python-tornado,default,5,3,35
default,python-tornado,default,5,4,35
default,python-tornado,default,5,5,35
default,python-tornado,default,8,1,35
default,python-tornado,default,8,2,35
default,python-tornado,default,8,3,35
default,python-tornado,default,8,4,35
default,python-tornado,default,8,5,35
default,python-tornado,default,8,6,35
default,python-tornado,default,8,7,35
default,python-tornado,default,8,8,35
default,python-tornado,default,13,1,35
default,python-tornado,default,13,2,35
default,python-tornado,default,13,3,35
default,python-tornado,default,13,4,35
default,python-tornado,default,13,5,35
default,python-tornado,default,13,6,35
default,python-tornado,default,13,7,34
default,python-tornado,default,13,8,35
default,python-tornado,default,13,9,35
default,python-tornado,default,13,10,34
default,python-tornado,default,13,11,35
default,python-tornado,default,13,12,35
default,python-tornado,default,13,13,35
default,python-tornado,default,21,1,35
default,python-tornado,default,21,2,35
default,python-tornado,default,21,3,35
default,python-tornado,default,21,4,34
default,python-tornado,default,21,5,35
default,python-tornado,default,21,6,35
default,python-tornado,default,21,7,35
default,python-tornado,default,21,8,35
default,python-tornado,default,21,9,35
default,python-tornado,default,21,10,35
default,python-tornado,default,21,11,35
default,python-tornado,default,21,12,35
default,python-tornado,default,21,13,35
default,python-tornado,default,21,14,35
default,python-tornado,default,21,15,35
default,python-tornado,default,21,16,35
default,python-tornado,default,21,17,35
default,python-tornado,default,21,18,35
default,python-tornado,default,21,19,35
default,python-tornado,default,21,20,34
default,python-tornado,default,21,21,35
default,python-tornado,max,1,1,35
default,python-tornado,max,2,1,35
default,python-tornado,max,2,2,34
default,python-tornado,max,3,1,35
default,python-tornado,max,3,2,35
default,python-tornado,max,3,3,35
default,python-tornado,max,5,1,34
default,python-tornado,max,5,2,34
default,python-tornado,max,5,3,35
default,python-tornado,max,5,4,35
default,python-tornado,max,5,5,35
default,python-tornado,max,8,1,35
default,python-tornado,max,8,2,35
default,python-tornado,max,8,3,35
default,python-tornado,max,8,4,35
default,python-tornado,max,8,5,35
default,python-tornado,max,8,6,35
default,python-tornado,max,8,7,35
default,python-tornado,max,8,8,35
default,python-tornado,max,13,1,35
default,python-tornado,max,13,2,35
default,python-tornado,max,13,3,35
default,python-tornado,max,13,4,35
default,python-tornado,max,13,5,35
default,python-tornado,max,13,6,35
default,python-tornado,max,13,7,35
default,python-tornado,max,13,8,35
default,python-tornado,max,13,9,35
default,python-tornado,max,13,10,35
default,python-tornado,max,13,11,35
default,python-tornado,max,13,12,35
default,python-tornado,max,13,13,35
default,python-tornado,max,21,1,35
default,python-tornado,max,21,2,35
default,python-tornado,max,21,3,34
default,python-tornado,max,21,4,35
default,python-tornado,max,21,5,35
default,python-tornado,max,21,6,35
default,python-tornado,max,21,7,35
default,python-tornado,max,21,8,35
default,python-tornado,max,21,9,35
default,python-tornado,max,21,10,35
default,python-tornado,max,21,11,35
default,python-tornado,max,21,12,34
default,python-tornado,max,21,13,35
default,python-tornado,max,21,14,35
default,python-tornado,max,21,15,35
default,python-tornado,max,21,16,35
default,python-tornado,max,21,17,35
default,python-tornado,max,21,18,35
default,python-tornado,max,21,19,34
default,python-tornado,max,21,20,34
default,python-tornado,max,21,21,34
default,python-tornado,min,1,1,35
default,python-tornado,min,2,1,35
default,python-tornado,min,2,2,35
default,python-tornado,min,3,1,35
default,python-tornado,min,3,2,35
default,python-tornado,min,3,3,35
default,python-tornado,min,5,1,35
default,python-tornado,min,5,2,35
default,python-tornado,min,5,3,34
default,python-tornado,min,5,4,35
default,python-tornado,min,5,5,35
default,python-tornado,min,8,1,35
default,python-tornado,min,8,2,35
default,python-tornado,min,8,3,35
default,python-tornado,min,8,4,35
default,python-tornado,min,8,5,35
default,python-tornado,min,8,6,35
default,python-tornado,min,8,7,35
default,python-tornado,min,8,8,35
default,python-tornado,min,13,1,34
default,python-tornado,min,13,2,35
default,python-tornado,min,13,3,35
default,python-tornado,min,13,4,35
default,python-tornado,min,13,5,35
default,python-tornado,min,13,6,35
default,python-tornado,min,13,7,35
default,python-tornado,min,13,8,35
default,python-tornado,min,13,9,35
default,python-tornado,min,13,10,35
default,python-tornado,min,13,11,35
default,python-tornado,min,13,12,35
default,python-tornado,min,13,13,34
default,python-tornado,min,21,1,35
default,python-tornado,min,21,2,35
default,python-tornado,min,21,3,35
default,python-tornado,min,21,4,35
default,python-tornado,min,21,5,34
default,python-tornado,min,21,6,35
default,python-tornado,min,21,7,35
default,python-tornado,min,21,8,35
default,python-tornado,min,21,9,35
default,python-tornado,min,21,10,35
default,python-tornado,min,21,11,35
default,python-tornado,min,21,12,35
default,python-tornado,min,21,13,35
default,python-tornado,min,21,14,35
default,python-tornado,min,21,15,35
default,python-tornado,min,21,16,35
default,python-tornado,min,21,17,35
default,python-tornado,min,21,18,35
default,python-tornado,min,21,19,35
default,python-tornado,min,21,20,34
default,python-tornado,min,21,21,35
default,tomcat,default,1,1,35
default,tomcat,default,2,1,35
default,tomcat,default,2,2,35
default,tomcat,default,3,1,35
default,tomcat,default,3,2,35
default,tomcat,default,3,3,35
default,tomcat,default,5,1,35
default,tomcat,default,5,2,35
default,tomcat,default,5,3,35
default,tomcat,default,5,4,35
default,tomcat,default,5,5,35
default,tomcat,default,8,1,35
default,tomcat,default,8,2,35
default,tomcat,default,8,3,35
default,tomcat,default,8,4,35
default,tomcat,default,8,5,35
default,tomcat,default,8,6,35
default,tomcat,default,8,7,35
default,tomcat,default,8,8,35
default,tomcat,default,13,1,35
default,tomcat,default,13,2,35
default,tomcat,default,13,3,35
default,tomcat,default,13,4,35
default,tomcat,default,13,5,35
default,tomcat,default,13,6,35
default,tomcat,default,13,7,35
default,tomcat,default,13,8,35
default,tomcat,default,13,9,35
default,tomcat,default,13,10,35
default,tomcat,default,13,11,35
default,tomcat,default,13,12,35
default,tomcat,default,13,13,35
default,tomcat,default,21,1,35
default,tomcat,default,21,2,35
default,tomcat,default,21,3,35
default,tomcat,default,21,4,35
default,tomcat,default,21,5,35
default,tomcat,default,21,6,35
default,tomcat,default,21,7,35
default,tomcat,default,21,8,35
default,tomcat,default,21,9,35
default,tomcat,default,21,10,35
default,tomcat,default,21,11,35
default,tomcat,default,21,12,35
default,tomcat,default,21,13,35
default,tomcat,default,21,14,35
default,tomcat,default,21,15,35
default,tomcat,default,21,16,35
default,tomcat,default,21,17,35
default,tomcat,default,21,18,35
default,tomcat,default,21,19,35
default,tomcat,default,21,20,35
default,tomcat,default,21,21,35
default,tomcat,max,1,1,35
default,tomcat,max,2,1,35
default,tomcat,max,2,2,35
default,tomcat,max,3,1,35
default,tomcat,max,3,2,35
default,tomcat,max,3,3,35
default,tomcat,max,5,1,35
default,tomcat,max,5,2,35
default,tomcat,max,5,3,35
default,tomcat,max,5,4,35
default,tomcat,max,5,5,35
default,tomcat,max,8,1,35
default,tomcat,max,8,2,35
default,tomcat,max,8,3,35
default,tomcat,max,8,4,35
default,tomcat,max,8,5,35
default,tomcat,max,8,6,35
default,tomcat,max,8,7,35
default,tomcat,max,8,8,35
default,tomcat,max,13,1,35
default,tomcat,max,13,2,35
default,tomcat,max,13,3,35
default,tomcat,max,13,4,35
default,tomcat,max,13,5,35
default,tomcat,max,13,6,35
default,tomcat,max,13,7,34
default,tomcat,max,13,8,35
default,tomcat,max,13,9,35
default,tomcat,max,13,10,35
default,tomcat,max,13,11,35
default,tomcat,max,13,12,35
default,tomcat,max,13,13,35
default,tomcat,max,21,1,35
default,tomcat,max,21,2,35
default,tomcat,max,21,3,35
default,tomcat,max,21,4,35
default,tomcat,max,21,5,35
default,tomcat,max,21,6,35
default,tomcat,max,21,7,35
default,tomcat,max,21,8,35
default,tomcat,max,21,9,35
default,tomcat,max,21,10,35
default,tomcat,max,21,11,35
default,tomcat,max,21,12,35
default,tomcat,max,21,13,35
default,tomcat,max,21,14,35
default,tomcat,max,21,15,35
default,tomcat,max,21,16,35
default,tomcat,max,21,17,35
default,tomcat,max,21,18,35
default,tomcat,max,21,19,35
default,tomcat,max,21,20,35
default,tomcat,max,21,21,35
default,tomcat,min,1,1,1
default,tomcat,min,2,1,11
default,tomcat,min,2,2,1
default,tomcat,min,3,1,35
default,tomcat,min,3,2,35
default,tomcat,min,3,3,1
default,tomcat,min,5,1,35
default,tomcat,min,5,2,35
default,tomcat,min,5,3,35
default,tomcat,min,5,4,35
default,tomcat,min,5,5,35
default,tomcat,min,8,1,35
default,tomcat,min,8,2,35
default,tomcat,min,8,3,35
default,tomcat,min,8,4,35
default,tomcat,min,8,5,35
default,tomcat,min,8,6,35
default,tomcat,min,8,7,35
default,tomcat,min,8,8,35
default,tomcat,min,13,1,35
default,tomcat,min,13,2,35
default,tomcat,min,13,3,35
default,tomcat,min,13,4,35
default,tomcat,min,13,5,35
default,tomcat,min,13,6,35
default,tomcat,min,13,7,35
default,tomcat,min,13,8,35
default,tomcat,min,13,9,35
default,tomcat,min,13,10,35
default,tomcat,min,13,11,35
default,tomcat,min,13,12,35
default,tomcat,min,13,13,35
default,tomcat,min,21,1,35
default,tomcat,min,21,2,35
default,tomcat,min,21,3,35
default,tomcat,min,21,4,35
default,tomcat,min,21,5,35
default,tomcat,min,21,6,35
default,tomcat,min,21,7,35
default,tomcat,min,21,8,35
default,tomcat,min,21,9,35
default,tomcat,min,21,10,35
default,tomcat,min,21,11,35
default,tomcat,min,21,12,35
default,tomcat,min,21,13,35
default,tomcat,min,21,14,35
default,tomcat,min,21,15,35
default,tomcat,min,21,16,35
default,tomcat,min,21,17,35
default,tomcat,min,21,18,35
default,tomcat,min,21,19,35
default,tomcat,min,21,20,35
default,tomcat,min,21,21,35
kata,go-httpd,default,1,1,35
kata,go-httpd,default,2,1,35
kata,go-httpd,default,2,2,35
kata,go-httpd,default,3,1,35
kata,go-httpd,default,3,2,35
kata,go-httpd,default,3,3,35
kata,go-httpd,default,5,1,35
kata,go-httpd,default,5,2,35
kata,go-httpd,default,5,3,35
kata,go-httpd,default,5,4,35
kata,go-httpd,default,5,5,35
kata,go-httpd,default,8,1,35
kata,go-httpd,default,8,2,35
kata,go-httpd,default,8,3,35
kata,go-httpd,default,8,4,35
kata,go-httpd,default,8,5,35
kata,go-httpd,default,8,6,35
kata,go-httpd,default,8,7,35
kata,go-httpd,default,8,8,35
kata,go-httpd,default,13,1,35
kata,go-httpd,default,13,2,35
kata,go-httpd,default,13,3,35
kata,go-httpd,default,13,4,35
kata,go-httpd,default,13,5,35
kata,go-httpd,default,13,6,35
kata,go-httpd,default,13,7,35
kata,go-httpd,default,13,8,35
kata,go-httpd,default,13,9,35
kata,go-httpd,default,13,10,35
kata,go-httpd,default,13,11,35
kata,go-httpd,default,13,12,35
kata,go-httpd,default,13,13,35
kata,go-httpd,default,21,1,35
kata,go-httpd,default,21,2,35
kata,go-httpd,default,21,3,35
kata,go-httpd,default,21,4,35
kata,go-httpd,default,21,5,35
kata,go-httpd,default,21,6,35
kata,go-httpd,default,21,7,35
kata,go-httpd,default,21,8,35
kata,go-httpd,default,21,9,35
kata,go-httpd,default,21,10,35
kata,go-httpd,default,21,11,35
kata,go-httpd,default,21,12,35
kata,go-httpd,default,21,13,35
kata,go-httpd,default,21,14,35
kata,go-httpd,default,21,15,35
kata,go-httpd,default,21,16,35
kata,go-httpd,default,21,17,35
kata,go-httpd,default,21,18,35
kata,go-httpd,default,21,19,35
kata,go-httpd,default,21,20,35
kata,go-httpd,default,21,21,35
kata,go-httpd,max,1,1,35
kata,go-httpd,max,2,1,35
kata,go-httpd,max,2,2,35
kata,go-httpd,max,3,1,35
kata,go-httpd,max,3,2,35
kata,go-httpd,max,3,3,35
kata,go-httpd,max,5,1,35
kata,go-httpd,max,5,2,35
kata,go-httpd,max,5,3,34
kata,go-httpd,max,5,4,35
kata,go-httpd,max,5,5,35
kata,go-httpd,max,8,1,35
kata,go-httpd,max,8,2,35
kata,go-httpd,max,8,3,35
kata,go-httpd,max,8,4,35
kata,go-httpd,max,8,5,35
kata,go-httpd,max,8,6,35
kata,go-httpd,max,8,7,35
kata,go-httpd,max,8,8,35
kata,go-httpd,max,13,1,35
kata,go-httpd,max,13,2,35
kata,go-httpd,max,13,3,35
kata,go-httpd,max,13,4,35
kata,go-httpd,max,13,5,35
kata,go-httpd,max,13,6,35
kata,go-httpd,max,13,7,35
kata,go-httpd,max,13,8,35
kata,go-httpd,max,13,9,35
kata,go-httpd,max,13,10,35
kata,go-httpd,max,13,11,35
kata,go-httpd,max,13,12,35
kata,go-httpd,max,13,13,35
kata,go-httpd,max,21,1,35
kata,go-httpd,max,21,2,35
kata,go-httpd,max,21,3,35
kata,go-httpd,max,21,4,35
kata,go-httpd,max,21,5,35
kata,go-httpd,max,21,6,35
kata,go-httpd,max,21,7,35
kata,go-httpd,max,21,8,35
kata,go-httpd,max,21,9,35
kata,go-httpd,max,21,10,35
kata,go-httpd,max,21,11,35
kata,go-httpd,max,21,12,35
kata,go-httpd,max,21,13,35
kata,go-httpd,max,21,14,35
kata,go-httpd,max,21,15,35
kata,go-httpd,max,21,16,35
kata,go-httpd,max,21,17,35
kata,go-httpd,max,21,18,35
kata,go-httpd,max,21,19,35
kata,go-httpd,max,21,20,35
kata,go-httpd,max,21,21,35
kata,go-httpd,min,1,1,35
kata,go-httpd,min,2,1,35
kata,go-httpd,min,2,2,35
kata,go-httpd,min,3,1,35
kata,go-httpd,min,3,2,35
kata,go-httpd,min,3,3,35
kata,go-httpd,min,5,1,35
kata,go-httpd,min,5,2,35
kata,go-httpd,min,5,3,35
kata,go-httpd,min,5,4,35
kata,go-httpd,min,5,5,35
kata,go-httpd,min,8,1,35
kata,go-httpd,min,8,2,35
kata,go-httpd,min,8,3,34
kata,go-httpd,min,8,4,35
kata,go-httpd,min,8,5,35
kata,go-httpd,min,8,6,35
kata,go-httpd,min,8,7,35
kata,go-httpd,min,8,8,35
kata,go-httpd,min,13,1,35
kata,go-httpd,min,13,2,35
kata,go-httpd,min,13,3,35
kata,go-httpd,min,13,4,35
kata,go-httpd,min,13,5,35
kata,go-httpd,min,13,6,35
kata,go-httpd,min,13,7,34
kata,go-httpd,min,13,8,35
kata,go-httpd,min,13,9,35
kata,go-httpd,min,13,10,35
kata,go-httpd,min,13,11,35
kata,go-httpd,min,13,12,35
kata,go-httpd,min,13,13,35
kata,go-httpd,min,21,1,35
kata,go-httpd,min,21,2,35
kata,go-httpd,min,21,3,35
kata,go-httpd,min,21,4,35
kata,go-httpd,min,21,5,35
kata,go-httpd,min,21,6,35
kata,go-httpd,min,21,7,35
kata,go-httpd,min,21,8,35
kata,go-httpd,min,21,9,34
kata,go-httpd,min,21,10,35
kata,go-httpd,min,21,11,35
kata,go-httpd,min,21,12,35
kata,go-httpd,min,21,13,35
kata,go-httpd,min,21,14,35
kata,go-httpd,min,21,15,35
kata,go-httpd,min,21,16,35
kata,go-httpd,min,21,17,35
kata,go-httpd,min,21,18,35
kata,go-httpd,min,21,19,35
kata,go-httpd,min,21,20,35
kata,go-httpd,min,21,21,35
kata,httpd,default,1,1,35
kata,httpd,default,2,1,35
kata,httpd,default,2,2,35
kata,httpd,default,3,1,35
kata,httpd,default,3,2,35
kata,httpd,default,3,3,35
kata,httpd,default,5,1,35
kata,httpd,default,5,2,35
kata,httpd,default,5,3,35
kata,httpd,default,5,4,35
kata,httpd,default,5,5,35
kata,httpd,default,8,1,35
kata,httpd,default,8,2,35
kata,httpd,default,8,3,35
kata,httpd,default,8,4,35
kata,httpd,default,8,5,34
kata,httpd,default,8,6,35
kata,httpd,default,8,7,35
kata,httpd,default,8,8,35
kata,httpd,default,13,1,35
kata,httpd,default,13,2,35
kata,httpd,default,13,3,35
kata,httpd,default,13,4,35
kata,httpd,default,13,5,35
kata,httpd,default,13,6,35
kata,httpd,default,13,7,35
kata,httpd,default,13,8,35
kata,httpd,default,13,9,35
kata,httpd,default,13,10,35
kata,httpd,default,13,11,35
kata,httpd,default,13,12,35
kata,httpd,default,13,13,35
kata,httpd,default,21,1,35
kata,httpd,default,21,2,35
kata,httpd,default,21,3,35
kata,httpd,default,21,4,35
kata,httpd,default,21,5,35
kata,httpd,default,21,6,35
kata,httpd,default,21,7,35
kata,httpd,default,21,8,35
kata,httpd,default,21,9,35
kata,httpd,default,21,10,35
kata,httpd,default,21,11,35
kata,httpd,default,21,12,35
kata,httpd,default,21,13,35
kata,httpd,default,21,14,35
kata,httpd,default,21,15,35
kata,httpd,default,21,16,35
kata,httpd,default,21,17,35
kata,httpd,default,21,18,35
kata,httpd,default,21,19,35
kata,httpd,default,21,20,35
kata,httpd,default,21,21,35
kata,httpd,max,1,1,35
kata,httpd,max,2,1,35
kata,httpd,max,2,2,35
kata,httpd,max,3,1,35
kata,httpd,max,3,2,35
kata,httpd,max,3,3,35
kata,httpd,max,5,1,35
kata,httpd,max,5,2,35
kata,httpd,max,5,3,35
kata,httpd,max,5,4,35
kata,httpd,max,5,5,35
kata,httpd,max,8,1,35
kata,httpd,max,8,2,35
kata,httpd,max,8,3,35
kata,httpd,max,8,4,35
kata,httpd,max,8,5,35
kata,httpd,max,8,6,35
kata,httpd,max,8,7,35
kata,httpd,max,8,8,35
kata,httpd,max,13,1,35
kata,httpd,max,13,2,35
kata,httpd,max,13,3,35
kata,httpd,max,13,4,35
kata,httpd,max,13,5,35
kata,httpd,max,13,6,35
kata,httpd,max,13,7,35
kata,httpd,max,13,8,35
kata,httpd,max,13,9,35
kata,httpd,max,13,10,35
kata,httpd,max,13,11,35
kata,httpd,max,13,12,35
kata,httpd,max,13,13,35
kata,httpd,max,21,1,35
kata,httpd,max,21,2,35
kata,httpd,max,21,3,35
kata,httpd,max,21,4,35
kata,httpd,max,21,5,35
kata,httpd,max,21,6,35
kata,httpd,max,21,7,35
kata,httpd,max,21,8,35
kata,httpd,max,21,9,35
kata,httpd,max,21,10,35
kata,httpd,max,21,11,35
kata,httpd,max,21,12,35
kata,httpd,max,21,13,35
kata,httpd,max,21,14,35
kata,httpd,max,21,15,35
kata,httpd,max,21,16,35
kata,httpd,max,21,17,35
kata,httpd,max,21,18,35
kata,httpd,max,21,19,35
kata,httpd,max,21,20,35
kata,httpd,max,21,21,35
kata,httpd,min,1,1,35
kata,httpd,min,2,1,35
kata,httpd,min,2,2,35
kata,httpd,min,3,1,35
kata,httpd,min,3,2,35
kata,httpd,min,3,3,35
kata,httpd,min,5,1,35
kata,httpd,min,5,2,35
kata,httpd,min,5,3,35
kata,httpd,min,5,4,35
kata,httpd,min,5,5,35
kata,httpd,min,8,1,35
kata,httpd,min,8,2,35
kata,httpd,min,8,3,35
kata,httpd,min,8,4,35
kata,httpd,min,8,5,35
kata,httpd,min,8,6,35
kata,httpd,min,8,7,35
kata,httpd,min,8,8,35
kata,httpd,min,13,1,35
kata,httpd,min,13,2,35
kata,httpd,min,13,3,35
kata,httpd,min,13,4,35
kata,httpd,min,13,5,35
kata,httpd,min,13,6,35
kata,httpd,min,13,7,35
kata,httpd,min,13,8,35
kata,httpd,min,13,9,35
kata,httpd,min,13,10,35
kata,httpd,min,13,11,35
kata,httpd,min,13,12,35
kata,httpd,min,13,13,35
kata,httpd,min,21,1,35
kata,httpd,min,21,2,35
kata,httpd,min,21,3,35
kata,httpd,min,21,4,35
kata,httpd,min,21,5,35
kata,httpd,min,21,6,35
kata,httpd,min,21,7,35
kata,httpd,min,21,8,35
kata,httpd,min,21,9,35
kata,httpd,min,21,10,35
kata,httpd,min,21,11,35
kata,httpd,min,21,12,35
kata,httpd,min,21,13,35
kata,httpd,min,21,14,35
kata,httpd,min,21,15,35
kata,httpd,min,21,16,35
kata,httpd,min,21,17,35
kata,httpd,min,21,18,35
kata,httpd,min,21,19,35
kata,httpd,min,21,20,35
kata,httpd,min,21,21,35
kata,nginx,default,1,1,35
kata,nginx,default,2,1,35
kata,nginx,default,2,2,35
kata,nginx,default,3,1,35
kata,nginx,default,3,2,35
kata,nginx,default,3,3,35
kata,nginx,default,5,1,35
kata,nginx,default,5,2,35
kata,nginx,default,5,3,35
kata,nginx,default,5,4,35
kata,nginx,default,5,5,35
kata,nginx,default,8,1,35
kata,nginx,default,8,2,35
kata,nginx,default,8,3,35
kata,nginx,default,8,4,35
kata,nginx,default,8,5,35
kata,nginx,default,8,6,35
kata,nginx,default,8,7,35
kata,nginx,default,8,8,35
kata,nginx,default,13,1,35
kata,nginx,default,13,2,35
kata,nginx,default,13,3,35
kata,nginx,default,13,4,35
kata,nginx,default,13,5,35
kata,nginx,default,13,6,35
kata,nginx,default,13,7,35
kata,nginx,default,13,8,35
kata,nginx,default,13,9,35
kata,nginx,default,13,10,35
kata,nginx,default,13,11,35
kata,nginx,default,13,12,35
kata,nginx,default,13,13,35
kata,nginx,default,21,1,35
kata,nginx,default,21,2,35
kata,nginx,default,21,3,35
kata,nginx,default,21,4,35
kata,nginx,default,21,5,35
kata,nginx,default,21,6,35
kata,nginx,default,21,7,35
kata,nginx,default,21,8,35
kata,nginx,default,21,9,35
kata,nginx,default,21,10,35
kata,nginx,default,21,11,35
kata,nginx,default,21,12,35
kata,nginx,default,21,13,35
kata,nginx,default,21,14,35
kata,nginx,default,21,15,35
kata,nginx,default,21,16,35
kata,nginx,default,21,17,35
kata,nginx,default,21,18,35
kata,nginx,default,21,19,35
kata,nginx,default,21,20,35
kata,nginx,default,21,21,35
kata,nginx,max,1,1,35
kata,nginx,max,2,1,35
kata,nginx,max,2,2,35
kata,nginx,max,3,1,35
kata,nginx,max,3,2,35
kata,nginx,max,3,3,35
kata,nginx,max,5,1,35
kata,nginx,max,5,2,35
kata,nginx,max,5,3,35
kata,nginx,max,5,4,35
kata,nginx,max,5,5,35
kata,nginx,max,8,1,35
kata,nginx,max,8,2,35
kata,nginx,max,8,3,35
kata,nginx,max,8,4,35
kata,nginx,max,8,5,35
kata,nginx,max,8,6,35
kata,nginx,max,8,7,35
kata,nginx,max,8,8,35
kata,nginx,max,13,1,35
kata,nginx,max,13,2,35
kata,nginx,max,13,3,35
kata,nginx,max,13,4,35
kata,nginx,max,13,5,35
kata,nginx,max,13,6,35
kata,nginx,max,13,7,35
kata,nginx,max,13,8,35
kata,nginx,max,13,9,35
kata,nginx,max,13,10,35
kata,nginx,max,13,11,35
kata,nginx,max,13,12,35
kata,nginx,max,13,13,35
kata,nginx,max,21,1,35
kata,nginx,max,21,2,35
kata,nginx,max,21,3,35
kata,nginx,max,21,4,35
kata,nginx,max,21,5,35
kata,nginx,max,21,6,35
kata,nginx,max,21,7,35
kata,nginx,max,21,8,35
kata,nginx,max,21,9,35
kata,nginx,max,21,10,35
kata,nginx,max,21,11,35
kata,nginx,max,21,12,35
kata,nginx,max,21,13,35
kata,nginx,max,21,14,34
kata,nginx,max,21,15,35
kata,nginx,max,21,16,35
kata,nginx,max,21,17,35
kata,nginx,max,21,18,35
kata,nginx,max,21,19,35
kata,nginx,max,21,20,35
kata,nginx,max,21,21,35
kata,nginx,min,1,1,35
kata,nginx,min,2,1,35
kata,nginx,min,2,2,35
kata,nginx,min,3,1,35
kata,nginx,min,3,2,35
kata,nginx,min,3,3,35
kata,nginx,min,5,1,35
kata,nginx,min,5,2,35
kata,nginx,min,5,3,35
kata,nginx,min,5,4,35
kata,nginx,min,5,5,35
kata,nginx,min,8,1,35
kata,nginx,min,8,2,35
kata,nginx,min,8,3,35
kata,nginx,min,8,4,35
kata,nginx,min,8,5,35
kata,nginx,min,8,6,35
kata,nginx,min,8,7,35
kata,nginx,min,8,8,35
kata,nginx,min,13,1,35
kata,nginx,min,13,2,35
kata,nginx,min,13,3,35
kata,nginx,min,13,4,35
kata,nginx,min,13,5,35
kata,nginx,min,13,6,35
kata,nginx,min,13,7,35
kata,nginx,min,13,8,35
kata,nginx,min,13,9,35
kata,nginx,min,13,10,35
kata,nginx,min,13,11,35
kata,nginx,min,13,12,35
kata,nginx,min,13,13,35
kata,nginx,min,21,1,35
kata,nginx,min,21,2,35
kata,nginx,min,21,3,35
kata,nginx,min,21,4,35
kata,nginx,min,21,5,35
kata,nginx,min,21,6,35
kata,nginx,min,21,7,35
kata,nginx,min,21,8,35
kata,nginx,min,21,9,35
kata,nginx,min,21,10,35
kata,nginx,min,21,11,35
kata,nginx,min,21,12,35
kata,nginx,min,21,13,35
kata,nginx,min,21,14,35
kata,nginx,min,21,15,35
kata,nginx,min,21,16,35
kata,nginx,min,21,17,35
kata,nginx,min,21,18,35
kata,nginx,min,21,19,35
kata,nginx,min,21,20,35
kata,nginx,min,21,21,35
kata,python-tornado,default,1,1,35
kata,python-tornado,default,2,1,35
kata,python-tornado,default,2,2,35
kata,python-tornado,default,3,1,35
kata,python-tornado,default,3,2,35
kata,python-tornado,default,3,3,35
kata,python-tornado,default,5,1,35
kata,python-tornado,default,5,2,34
kata,python-tornado,default,5,3,35
kata,python-tornado,default,5,4,35
kata,python-tornado,default,5,5,35
kata,python-tornado,default,8,1,35
kata,python-tornado,default,8,2,35
kata,python-tornado,default,8,3,35
kata,python-tornado,default,8,4,35
kata,python-tornado,default,8,5,35
kata,python-tornado,default,8,6,35
kata,python-tornado,default,8,7,35
kata,python-tornado,default,8,8,35
kata,python-tornado,default,13,1,35
kata,python-tornado,default,13,2,35
kata,python-tornado,default,13,3,35
kata,python-tornado,default,13,4,35
kata,python-tornado,default,13,5,35
kata,python-tornado,default,13,6,35
kata,python-tornado,default,13,7,35
kata,python-tornado,default,13,8,35
kata,python-tornado,default,13,9,35
kata,python-tornado,default,13,10,35
kata,python-tornado,default,13,11,35
kata,python-tornado,default,13,12,34
kata,python-tornado,default,13,13,35
kata,python-tornado,default,21,1,35
kata,python-tornado,default,21,2,35
kata,python-tornado,default,21,3,35
kata,python-tornado,default,21,4,35
kata,python-tornado,default,21,5,35
kata,python-tornado,default,21,6,35
kata,python-tornado,default,21,7,35
kata,python-tornado,default,21,8,35
kata,python-tornado,default,21,9,35
kata,python-tornado,default,21,10,35
kata,python-tornado,default,21,11,35
kata,python-tornado,default,21,12,35
kata,python-tornado,default,21,13,34
kata,python-tornado,default,21,14,35
kata,python-tornado,default,21,15,35
kata,python-tornado,default,21,16,35
kata,python-tornado,default,21,17,34
kata,python-tornado,default,21,18,35
kata,python-tornado,default,21,19,34
kata,python-tornado,default,21,20,34
kata,python-tornado,default,21,21,35
kata,python-tornado,max,1,1,35
kata,python-tornado,max,2,1,35
kata,python-tornado,max,2,2,35
kata,python-tornado,max,3,1,35
kata,python-tornado,max,3,2,35
kata,python-tornado,max,3,3,35
kata,python-tornado,max,5,1,35
kata,python-tornado,max,5,2,35
kata,python-tornado,max,5,3,35
kata,python-tornado,max,5,4,34
kata,python-tornado,max,5,5,35
kata,python-tornado,max,8,1,35
kata,python-tornado,max,8,2,35
kata,python-tornado,max,8,3,35
kata,python-tornado,max,8,4,35
kata,python-tornado,max,8,5,35
kata,python-tornado,max,8,6,35
kata,python-tornado,max,8,7,35
kata,python-tornado,max,8,8,35
kata,python-tornado,max,13,1,35
kata,python-tornado,max,13,2,35
kata,python-tornado,max,13,3,35
kata,python-tornado,max,13,4,35
kata,python-tornado,max,13,5,35
kata,python-tornado,max,13,6,34
kata,python-tornado,max,13,7,35
kata,python-tornado,max,13,8,35
kata,python-tornado,max,13,9,35
kata,python-tornado,max,13,10,35
kata,python-tornado,max,13,11,35
kata,python-tornado,max,13,12,35
kata,python-tornado,max,13,13,35
kata,python-tornado,max,21,1,35
kata,python-tornado,max,21,2,35
kata,python-tornado,max,21,3,35
kata,python-tornado,max,21,4,35
kata,python-tornado,max,21,5,35
kata,python-tornado,max,21,6,35
kata,python-tornado,max,21,7,35
kata,python-tornado,max,21,8,34
kata,python-tornado,max,21,9,35
kata,python-tornado,max,21,10,35
kata,python-tornado,max,21,11,34
kata,python-tornado,max,21,12,33
kata,python-tornado,max,21,13,35
kata,python-tornado,max,21,14,35
kata,python-tornado,max,21,15,35
kata,python-tornado,max,21,16,35
kata,python-tornado,max,21,17,35
kata,python-tornado,max,21,18,35
kata,python-tornado,max,21,19,35
kata,python-tornado,max,21,20,34
kata,python-tornado,max,21,21,34
kata,python-tornado,min,1,1,35
kata,python-tornado,min,2,1,35
kata,python-tornado,min,2,2,35
kata,python-tornado,min,3,1,35
kata,python-tornado,min,3,2,35
kata,python-tornado,min,3,3,35
kata,python-tornado,min,5,1,35
kata,python-tornado,min,5,2,35
kata,python-tornado,min,5,3,35
kata,python-tornado,min,5,4,35
kata,python-tornado,min,5,5,35
kata,python-tornado,min,8,1,35
kata,python-tornado,min,8,2,35
kata,python-tornado,min,8,3,35
kata,python-tornado,min,8,4,35
kata,python-tornado,min,8,5,35
kata,python-tornado,min,8,6,35
kata,python-tornado,min,8,7,35
kata,python-tornado,min,8,8,35
kata,python-tornado,min,13,1,35
kata,python-tornado,min,13,2,35
kata,python-tornado,min,13,3,35
kata,python-tornado,min,13,4,35
kata,python-tornado,min,13,5,35
kata,python-tornado,min,13,6,35
kata,python-tornado,min,13,7,34
kata,python-tornado,min,13,8,34
kata,python-tornado,min,13,9,34
kata,python-tornado,min,13,10,35
kata,python-tornado,min,13,11,34
kata,python-tornado,min,13,12,35
kata,python-tornado,min,13,13,35
kata,python-tornado,min,21,1,34
kata,python-tornado,min,21,2,35
kata,python-tornado,min,21,3,35
kata,python-tornado,min,21,4,35
kata,python-tornado,min,21,5,35
kata,python-tornado,min,21,6,35
kata,python-tornado,min,21,7,35
kata,python-tornado,min,21,8,34
kata,python-tornado,min,21,9,35
kata,python-tornado,min,21,10,35
kata,python-tornado,min,21,11,35
kata,python-tornado,min,21,12,35
kata,python-tornado,min,21,13,34
kata,python-tornado,min,21,14,35
kata,python-tornado,min,21,15,34
kata,python-tornado,min,21,16,35
kata,python-tornado,min,21,17,35
kata,python-tornado,min,21,18,35
kata,python-tornado,min,21,19,35
kata,python-tornado,min,21,20,35
kata,python-tornado,min,21,21,35
kata,tomcat,default,1,1,35
kata,tomcat,default,2,1,35
kata,tomcat,default,2,2,35
kata,tomcat,default,3,1,35
kata,tomcat,default,3,2,35
kata,tomcat,default,3,3,35
kata,tomcat,default,5,1,35
kata,tomcat,default,5,2,35
kata,tomcat,default,5,3,35
kata,tomcat,default,5,4,35
kata,tomcat,default,5,5,35
kata,tomcat,default,8,1,35
kata,tomcat,default,8,2,35
kata,tomcat,default,8,3,35
kata,tomcat,default,8,4,35
kata,tomcat,default,8,5,35
kata,tomcat,default,8,6,35
kata,tomcat,default,8,7,35
kata,tomcat,default,8,8,35
kata,tomcat,default,13,1,35
kata,tomcat,default,13,2,35
kata,tomcat,default,13,3,35
kata,tomcat,default,13,4,35
kata,tomcat,default,13,5,35
kata,tomcat,default,13,6,35
kata,tomcat,default,13,7,35
kata,tomcat,default,13,8,35
kata,tomcat,default,13,9,35
kata,tomcat,default,13,10,35
kata,tomcat,default,13,11,35
kata,tomcat,default,13,12,35
kata,tomcat,default,13,13,35
kata,tomcat,default,21,1,35
kata,tomcat,default,21,2,35
kata,tomcat,default,21,3,35
kata,tomcat,default,21,4,35
kata,tomcat,default,21,5,35
kata,tomcat,default,21,6,35
kata,tomcat,default,21,7,35
kata,tomcat,default,21,8,35
kata,tomcat,default,21,9,35
kata,tomcat,default,21,10,35
kata,tomcat,default,21,11,35
kata,tomcat,default,21,12,35
kata,tomcat,default,21,13,35
kata,tomcat,default,21,14,35
kata,tomcat,default,21,15,35
kata,tomcat,default,21,16,35
kata,tomcat,default,21,17,34
kata,tomcat,default,21,18,35
kata,tomcat,default,21,19,35
kata,tomcat,default,21,20,35
kata,tomcat,default,21,21,34
kata,tomcat,max,1,1,35
kata,tomcat,max,2,1,35
kata,tomcat,max,2,2,35
kata,tomcat,max,3,1,34
kata,tomcat,max,3,2,35
kata,tomcat,max,3,3,35
kata,tomcat,max,5,1,35
kata,tomcat,max,5,2,35
kata,tomcat,max,5,3,35
kata,tomcat,max,5,4,35
kata,tomcat,max,5,5,35
kata,tomcat,max,8,1,35
kata,tomcat,max,8,2,35
kata,tomcat,max,8,3,35
kata,tomcat,max,8,4,35
kata,tomcat,max,8,5,35
kata,tomcat,max,8,6,35
kata,tomcat,max,8,7,35
kata,tomcat,max,8,8,35
kata,tomcat,max,13,1,35
kata,tomcat,max,13,2,35
kata,tomcat,max,13,3,35
kata,tomcat,max,13,4,35
kata,tomcat,max,13,5,35
kata,tomcat,max,13,6,35
kata,tomcat,max,13,7,35
kata,tomcat,max,13,8,35
kata,tomcat,max,13,9,35
kata,tomcat,max,13,10,35
kata,tomcat,max,13,11,35
kata,tomcat,max,13,12,34
kata,tomcat,max,13,13,35
kata,tomcat,max,21,1,35
kata,tomcat,max,21,2,35
kata,tomcat,max,21,3,35
kata,tomcat,max,21,4,35
kata,tomcat,max,21,5,35
kata,tomcat,max,21,6,35
kata,tomcat,max,21,7,35
kata,tomcat,max,21,8,35
kata,tomcat,max,21,9,35
kata,tomcat,max,21,10,35
kata,tomcat,max,21,11,35
kata,tomcat,max,21,12,35
kata,tomcat,max,21,13,35
kata,tomcat,max,21,14,35
kata,tomcat,max,21,15,35
kata,tomcat,max,21,16,35
kata,tomcat,max,21,17,35
kata,tomcat,max,21,18,35
kata,tomcat,max,21,19,35
kata,tomcat,max,21,20,35
kata,tomcat,max,21,21,35
kata,tomcat,min,1,1,35
kata,tomcat,min,2,1,35
kata,tomcat,min,2,2,35
kata,tomcat,min,3,1,35
kata,tomcat,min,3,2,35
kata,tomcat,min,3,3,35
kata,tomcat,min,5,1,35
kata,tomcat,min,5,2,35
kata,tomcat,min,5,3,35
kata,tomcat,min,5,4,35
kata,tomcat,min,5,5,35
kata,tomcat,min,8,1,35
kata,tomcat,min,8,2,35
kata,tomcat,min,8,3,35
kata,tomcat,min,8,4,35
kata,tomcat,min,8,5,35
kata,tomcat,min,8,6,35
kata,tomcat,min,8,7,35
kata,tomcat,min,8,8,35
kata,tomcat,min,13,1,35
kata,tomcat,min,13,2,35
kata,tomcat,min,13,3,35
kata,tomcat,min,13,4,35
kata,tomcat,min,13,5,35
kata,tomcat,min,13,6,35
kata,tomcat,min,13,7,35
kata,tomcat,min,13,8,35
kata,tomcat,min,13,9,35
kata,tomcat,min,13,10,35
kata,tomcat,min,13,11,35
kata,tomcat,min,13,12,35
kata,tomcat,min,13,13,35
kata,tomcat,min,21,1,35
kata,tomcat,min,21,2,35
kata,tomcat,min,21,3,35
kata,tomcat,min,21,4,35
kata,tomcat,min,21,5,35
kata,tomcat,min,21,6,35
kata,tomcat,min,21,7,35
kata,tomcat,min,21,8,35
kata,tomcat,min,21,9,35
kata,tomcat,min,21,10,35
kata,tomcat,min,21,11,35
kata,tomcat,min,21,12,35
kata,tomcat,min,21,13,35
kata,tomcat,min,21,14,35
kata,tomcat,min,21,15,35
kata,tomcat,min,21,16,35
kata,tomcat,min,21,17,35
kata,tomcat,min,21,18,35
kata,tomcat,min,21,19,35
kata,tomcat,min,21,20,35
kata,tomcat,min,21,21,35
katafc,go-httpd,default,1,1,35
katafc,go-httpd,default,2,1,35
katafc,go-httpd,default,2,2,35
katafc,go-httpd,default,3,1,35
katafc,go-httpd,default,3,2,35
katafc,go-httpd,default,3,3,35
katafc,go-httpd,default,5,1,35
katafc,go-httpd,default,5,2,35
katafc,go-httpd,default,5,3,35
katafc,go-httpd,default,5,4,35
katafc,go-httpd,default,5,5,35
katafc,go-httpd,default,8,1,35
katafc,go-httpd,default,8,2,35
katafc,go-httpd,default,8,3,35
katafc,go-httpd,default,8,4,35
katafc,go-httpd,default,8,5,35
katafc,go-httpd,default,8,6,35
katafc,go-httpd,default,8,7,35
katafc,go-httpd,default,8,8,35
katafc,go-httpd,default,13,1,35
katafc,go-httpd,default,13,2,35
katafc,go-httpd,default,13,3,35
katafc,go-httpd,default,13,4,35
katafc,go-httpd,default,13,5,35
katafc,go-httpd,default,13,6,35
katafc,go-httpd,default,13,7,35
katafc,go-httpd,default,13,8,35
katafc,go-httpd,default,13,9,35
katafc,go-httpd,default,13,10,35
katafc,go-httpd,default,13,11,35
katafc,go-httpd,default,13,12,35
katafc,go-httpd,default,13,13,35
katafc,go-httpd,default,21,1,35
katafc,go-httpd,default,21,2,35
katafc,go-httpd,default,21,3,35
katafc,go-httpd,default,21,4,35
katafc,go-httpd,default,21,5,35
katafc,go-httpd,default,21,6,35
katafc,go-httpd,default,21,7,35
katafc,go-httpd,default,21,8,35
katafc,go-httpd,default,21,9,35
katafc,go-httpd,default,21,10,35
katafc,go-httpd,default,21,11,35
katafc,go-httpd,default,21,12,35
katafc,go-httpd,default,21,13,35
katafc,go-httpd,default,21,14,35
katafc,go-httpd,default,21,15,35
katafc,go-httpd,default,21,16,35
katafc,go-httpd,default,21,17,35
katafc,go-httpd,default,21,18,35
katafc,go-httpd,default,21,19,35
katafc,go-httpd,default,21,20,35
katafc,go-httpd,default,21,21,35
katafc,go-httpd,max,1,1,35
katafc,go-httpd,max,2,1,35
katafc,go-httpd,max,2,2,35
katafc,go-httpd,max,3,1,35
katafc,go-httpd,max,3,2,35
katafc,go-httpd,max,3,3,35
katafc,go-httpd,max,5,1,35
katafc,go-httpd,max,5,2,35
katafc,go-httpd,max,5,3,35
katafc,go-httpd,max,5,4,35
katafc,go-httpd,max,5,5,35
katafc,go-httpd,max,8,1,35
katafc,go-httpd,max,8,2,35
katafc,go-httpd,max,8,3,35
katafc,go-httpd,max,8,4,35
katafc,go-httpd,max,8,5,35
katafc,go-httpd,max,8,6,35
katafc,go-httpd,max,8,7,35
katafc,go-httpd,max,8,8,35
katafc,go-httpd,max,13,1,35
katafc,go-httpd,max,13,2,35
katafc,go-httpd,max,13,3,35
katafc,go-httpd,max,13,4,35
katafc,go-httpd,max,13,5,35
katafc,go-httpd,max,13,6,35
katafc,go-httpd,max,13,7,35
katafc,go-httpd,max,13,8,35
katafc,go-httpd,max,13,9,35
katafc,go-httpd,max,13,10,35
katafc,go-httpd,max,13,11,35
katafc,go-httpd,max,13,12,35
katafc,go-httpd,max,13,13,35
katafc,go-httpd,max,21,1,35
katafc,go-httpd,max,21,2,35
katafc,go-httpd,max,21,3,35
katafc,go-httpd,max,21,4,35
katafc,go-httpd,max,21,5,35
katafc,go-httpd,max,21,6,35
katafc,go-httpd,max,21,7,35
katafc,go-httpd,max,21,8,35
katafc,go-httpd,max,21,9,35
katafc,go-httpd,max,21,10,35
katafc,go-httpd,max,21,11,35
katafc,go-httpd,max,21,12,35
katafc,go-httpd,max,21,13,35
katafc,go-httpd,max,21,14,35
katafc,go-httpd,max,21,15,35
katafc,go-httpd,max,21,16,35
katafc,go-httpd,max,21,17,35
katafc,go-httpd,max,21,18,35
katafc,go-httpd,max,21,19,35
katafc,go-httpd,max,21,20,35
katafc,go-httpd,max,21,21,35
katafc,go-httpd,min,1,1,35
katafc,go-httpd,min,2,1,35
katafc,go-httpd,min,2,2,35
katafc,go-httpd,min,3,1,35
katafc,go-httpd,min,3,2,35
katafc,go-httpd,min,3,3,35
katafc,go-httpd,min,5,1,35
katafc,go-httpd,min,5,2,35
katafc,go-httpd,min,5,3,35
katafc,go-httpd,min,5,4,35
katafc,go-httpd,min,5,5,35
katafc,go-httpd,min,8,1,35
katafc,go-httpd,min,8,2,35
katafc,go-httpd,min,8,3,35
katafc,go-httpd,min,8,4,35
katafc,go-httpd,min,8,5,35
katafc,go-httpd,min,8,6,35
katafc,go-httpd,min,8,7,35
katafc,go-httpd,min,8,8,35
katafc,go-httpd,min,13,1,35
katafc,go-httpd,min,13,2,35
katafc,go-httpd,min,13,3,35
katafc,go-httpd,min,13,4,35
katafc,go-httpd,min,13,5,35
katafc,go-httpd,min,13,6,35
katafc,go-httpd,min,13,7,35
katafc,go-httpd,min,13,8,35
katafc,go-httpd,min,13,9,35
katafc,go-httpd,min,13,10,35
katafc,go-httpd,min,13,11,35
katafc,go-httpd,min,13,12,35
katafc,go-httpd,min,13,13,35
katafc,go-httpd,min,21,1,35
katafc,go-httpd,min,21,2,35
katafc,go-httpd,min,21,3,35
katafc,go-httpd,min,21,4,35
katafc,go-httpd,min,21,5,35
katafc,go-httpd,min,21,6,35
katafc,go-httpd,min,21,7,35
katafc,go-httpd,min,21,8,35
katafc,go-httpd,min,21,9,35
katafc,go-httpd,min,21,10,35
katafc,go-httpd,min,21,11,35
katafc,go-httpd,min,21,12,35
katafc,go-httpd,min,21,13,35
katafc,go-httpd,min,21,14,35
katafc,go-httpd,min,21,15,35
katafc,go-httpd,min,21,16,35
katafc,go-httpd,min,21,17,35
katafc,go-httpd,min,21,18,34
katafc,go-httpd,min,21,19,35
katafc,go-httpd,min,21,20,35
katafc,go-httpd,min,21,21,35
katafc,httpd,default,1,1,35
katafc,httpd,default,2,1,35
katafc,httpd,default,2,2,35
katafc,httpd,default,3,1,35
katafc,httpd,default,3,2,35
katafc,httpd,default,3,3,35
katafc,httpd,default,5,1,35
katafc,httpd,default,5,2,35
katafc,httpd,default,5,3,35
katafc,httpd,default,5,4,35
katafc,httpd,default,5,5,35
katafc,httpd,default,8,1,35
katafc,httpd,default,8,2,35
katafc,httpd,default,8,3,35
katafc,httpd,default,8,4,35
katafc,httpd,default,8,5,35
katafc,httpd,default,8,6,35
katafc,httpd,default,8,7,35
katafc,httpd,default,8,8,35
katafc,httpd,default,13,1,35
katafc,httpd,default,13,2,35
katafc,httpd,default,13,3,35
katafc,httpd,default,13,4,35
katafc,httpd,default,13,5,35
katafc,httpd,default,13,6,35
katafc,httpd,default,13,7,35
katafc,httpd,default,13,8,35
katafc,httpd,default,13,9,35
katafc,httpd,default,13,10,35
katafc,httpd,default,13,11,35
katafc,httpd,default,13,12,34
katafc,httpd,default,13,13,35
katafc,httpd,default,21,1,35
katafc,httpd,default,21,2,35
katafc,httpd,default,21,3,35
katafc,httpd,default,21,4,35
katafc,httpd,default,21,5,35
katafc,httpd,default,21,6,35
katafc,httpd,default,21,7,35
katafc,httpd,default,21,8,35
katafc,httpd,default,21,9,35
katafc,httpd,default,21,10,35
katafc,httpd,default,21,11,34
katafc,httpd,default,21,12,35
katafc,httpd,default,21,13,35
katafc,httpd,default,21,14,35
katafc,httpd,default,21,15,35
katafc,httpd,default,21,16,35
katafc,httpd,default,21,17,35
katafc,httpd,default,21,18,35
katafc,httpd,default,21,19,35
katafc,httpd,default,21,20,35
katafc,httpd,default,21,21,35
katafc,httpd,max,1,1,35
katafc,httpd,max,2,1,35
katafc,httpd,max,2,2,35
katafc,httpd,max,3,1,35
katafc,httpd,max,3,2,35
katafc,httpd,max,3,3,35
katafc,httpd,max,5,1,35
katafc,httpd,max,5,2,35
katafc,httpd,max,5,3,35
katafc,httpd,max,5,4,35
katafc,httpd,max,5,5,35
katafc,httpd,max,8,1,35
katafc,httpd,max,8,2,35
katafc,httpd,max,8,3,35
katafc,httpd,max,8,4,35
katafc,httpd,max,8,5,35
katafc,httpd,max,8,6,35
katafc,httpd,max,8,7,35
katafc,httpd,max,8,8,35
katafc,httpd,max,13,1,35
katafc,httpd,max,13,2,35
katafc,httpd,max,13,3,35
katafc,httpd,max,13,4,35
katafc,httpd,max,13,5,35
katafc,httpd,max,13,6,35
katafc,httpd,max,13,7,35
katafc,httpd,max,13,8,35
katafc,httpd,max,13,9,35
katafc,httpd,max,13,10,35
katafc,httpd,max,13,11,35
katafc,httpd,max,13,12,35
katafc,httpd,max,13,13,35
katafc,httpd,max,21,1,35
katafc,httpd,max,21,2,35
katafc,httpd,max,21,3,35
katafc,httpd,max,21,4,35
katafc,httpd,max,21,5,35
katafc,httpd,max,21,6,35
katafc,httpd,max,21,7,35
katafc,httpd,max,21,8,35
katafc,httpd,max,21,9,35
katafc,httpd,max,21,10,35
katafc,httpd,max,21,11,35
katafc,httpd,max,21,12,34
katafc,httpd,max,21,13,35
katafc,httpd,max,21,14,35
katafc,httpd,max,21,15,35
katafc,httpd,max,21,16,35
katafc,httpd,max,21,17,35
katafc,httpd,max,21,18,35
katafc,httpd,max,21,19,35
katafc,httpd,max,21,20,35
katafc,httpd,max,21,21,35
katafc,httpd,min,1,1,35
katafc,httpd,min,2,1,35
katafc,httpd,min,2,2,35
katafc,httpd,min,3,1,35
katafc,httpd,min,3,2,35
katafc,httpd,min,3,3,35
katafc,httpd,min,5,1,35
katafc,httpd,min,5,2,35
katafc,httpd,min,5,3,35
katafc,httpd,min,5,4,35
katafc,httpd,min,5,5,35
katafc,httpd,min,8,1,35
katafc,httpd,min,8,2,35
katafc,httpd,min,8,3,35
katafc,httpd,min,8,4,35
katafc,httpd,min,8,5,35
katafc,httpd,min,8,6,35
katafc,httpd,min,8,7,35
katafc,httpd,min,8,8,35
katafc,httpd,min,13,1,35
katafc,httpd,min,13,2,35
katafc,httpd,min,13,3,35
katafc,httpd,min,13,4,35
katafc,httpd,min,13,5,34
katafc,httpd,min,13,6,35
katafc,httpd,min,13,7,35
katafc,httpd,min,13,8,34
katafc,httpd,min,13,9,35
katafc,httpd,min,13,10,35
katafc,httpd,min,13,11,35
katafc,httpd,min,13,12,35
katafc,httpd,min,13,13,35
katafc,httpd,min,21,1,35
katafc,httpd,min,21,2,35
katafc,httpd,min,21,3,35
katafc,httpd,min,21,4,35
katafc,httpd,min,21,5,35
katafc,httpd,min,21,6,35
katafc,httpd,min,21,7,35
katafc,httpd,min,21,8,34
katafc,httpd,min,21,9,34
katafc,httpd,min,21,10,35
katafc,httpd,min,21,11,35
katafc,httpd,min,21,12,35
katafc,httpd,min,21,13,35
katafc,httpd,min,21,14,35
katafc,httpd,min,21,15,35
katafc,httpd,min,21,16,35
katafc,httpd,min,21,17,35
katafc,httpd,min,21,18,35
katafc,httpd,min,21,19,35
katafc,httpd,min,21,20,35
katafc,httpd,min,21,21,35
katafc,nginx,default,1,1,35
katafc,nginx,default,2,1,35
katafc,nginx,default,2,2,35
katafc,nginx,default,3,1,35
katafc,nginx,default,3,2,35
katafc,nginx,default,3,3,35
katafc,nginx,default,5,1,35
katafc,nginx,default,5,2,35
katafc,nginx,default,5,3,35
katafc,nginx,default,5,4,35
katafc,nginx,default,5,5,35
katafc,nginx,default,8,1,35
katafc,nginx,default,8,2,35
katafc,nginx,default,8,3,35
katafc,nginx,default,8,4,35
katafc,nginx,default,8,5,35
katafc,nginx,default,8,6,35
katafc,nginx,default,8,7,35
katafc,nginx,default,8,8,35
katafc,nginx,default,13,1,35
katafc,nginx,default,13,2,35
katafc,nginx,default,13,3,35
katafc,nginx,default,13,4,35
katafc,nginx,default,13,5,35
katafc,nginx,default,13,6,35
katafc,nginx,default,13,7,35
katafc,nginx,default,13,8,35
katafc,nginx,default,13,9,35
katafc,nginx,default,13,10,34
katafc,nginx,default,13,11,35
katafc,nginx,default,13,12,35
katafc,nginx,default,13,13,35
katafc,nginx,default,21,1,35
katafc,nginx,default,21,2,35
katafc,nginx,default,21,3,35
katafc,nginx,default,21,4,35
katafc,nginx,default,21,5,35
katafc,nginx,default,21,6,35
katafc,nginx,default,21,7,35
katafc,nginx,default,21,8,35
katafc,nginx,default,21,9,34
katafc,nginx,default,21,10,35
katafc,nginx,default,21,11,35
katafc,nginx,default,21,12,35
katafc,nginx,default,21,13,35
katafc,nginx,default,21,14,35
katafc,nginx,default,21,15,35
katafc,nginx,default,21,16,35
katafc,nginx,default,21,17,35
katafc,nginx,default,21,18,35
katafc,nginx,default,21,19,35
katafc,nginx,default,21,20,35
katafc,nginx,default,21,21,34
katafc,nginx,max,1,1,35
katafc,nginx,max,2,1,35
katafc,nginx,max,2,2,35
katafc,nginx,max,3,1,35
katafc,nginx,max,3,2,35
katafc,nginx,max,3,3,35
katafc,nginx,max,5,1,35
katafc,nginx,max,5,2,35
katafc,nginx,max,5,3,35
katafc,nginx,max,5,4,35
katafc,nginx,max,5,5,35
katafc,nginx,max,8,1,35
katafc,nginx,max,8,2,35
katafc,nginx,max,8,3,35
katafc,nginx,max,8,4,35
katafc,nginx,max,8,5,35
katafc,nginx,max,8,6,35
katafc,nginx,max,8,7,35
katafc,nginx,max,8,8,35
katafc,nginx,max,13,1,35
katafc,nginx,max,13,2,35
katafc,nginx,max,13,3,35
katafc,nginx,max,13,4,35
katafc,nginx,max,13,5,35
katafc,nginx,max,13,6,35
katafc,nginx,max,13,7,34
katafc,nginx,max,13,8,35
katafc,nginx,max,13,9,35
katafc,nginx,max,13,10,35
katafc,nginx,max,13,11,35
katafc,nginx,max,13,12,35
katafc,nginx,max,13,13,35
katafc,nginx,max,21,1,35
katafc,nginx,max,21,2,35
katafc,nginx,max,21,3,35
katafc,nginx,max,21,4,35
katafc,nginx,max,21,5,35
katafc,nginx,max,21,6,35
katafc,nginx,max,21,7,35
katafc,nginx,max,21,8,35
katafc,nginx,max,21,9,35
katafc,nginx,max,21,10,35
katafc,nginx,max,21,11,35
katafc,nginx,max,21,12,35
katafc,nginx,max,21,13,35
katafc,nginx,max,21,14,34
katafc,nginx,max,21,15,35
katafc,nginx,max,21,16,35
katafc,nginx,max,21,17,35
katafc,nginx,max,21,18,35
katafc,nginx,max,21,19,35
katafc,nginx,max,21,20,35
katafc,nginx,max,21,21,35
katafc,nginx,min,1,1,35
katafc,nginx,min,2,1,35
katafc,nginx,min,2,2,35
katafc,nginx,min,3,1,35
katafc,nginx,min,3,2,35
katafc,nginx,min,3,3,35
katafc,nginx,min,5,1,35
katafc,nginx,min,5,2,35
katafc,nginx,min,5,3,35
katafc,nginx,min,5,4,35
katafc,nginx,min,5,5,35
katafc,nginx,min,8,1,35
katafc,nginx,min,8,2,35
katafc,nginx,min,8,3,35
katafc,nginx,min,8,4,35
katafc,nginx,min,8,5,35
katafc,nginx,min,8,6,35
katafc,nginx,min,8,7,35
katafc,nginx,min,8,8,35
katafc,nginx,min,13,1,35
katafc,nginx,min,13,2,35
katafc,nginx,min,13,3,35
katafc,nginx,min,13,4,35
katafc,nginx,min,13,5,35
katafc,nginx,min,13,6,35
katafc,nginx,min,13,7,35
katafc,nginx,min,13,8,35
katafc,nginx,min,13,9,35
katafc,nginx,min,13,10,35
katafc,nginx,min,13,11,35
katafc,nginx,min,13,12,35
katafc,nginx,min,13,13,35
katafc,nginx,min,21,1,35
katafc,nginx,min,21,2,35
katafc,nginx,min,21,3,35
katafc,nginx,min,21,4,35
katafc,nginx,min,21,5,35
katafc,nginx,min,21,6,35
katafc,nginx,min,21,7,35
katafc,nginx,min,21,8,35
katafc,nginx,min,21,9,35
katafc,nginx,min,21,10,35
katafc,nginx,min,21,11,35
katafc,nginx,min,21,12,35
katafc,nginx,min,21,13,34
katafc,nginx,min,21,14,35
katafc,nginx,min,21,15,35
katafc,nginx,min,21,16,35
katafc,nginx,min,21,17,35
katafc,nginx,min,21,18,35
katafc,nginx,min,21,19,35
katafc,nginx,min,21,20,35
katafc,nginx,min,21,21,35
katafc,node-express,max,1,1,35
katafc,node-express,max,2,1,35
katafc,node-express,max,2,2,35
katafc,node-express,max,3,1,35
katafc,node-express,max,3,2,35
katafc,node-express,max,3,3,35
katafc,node-express,max,5,1,35
katafc,node-express,max,5,2,35
katafc,node-express,max,5,3,35
katafc,node-express,max,5,4,35
katafc,node-express,max,5,5,35
katafc,node-express,max,8,1,35
katafc,node-express,max,8,2,35
katafc,node-express,max,8,3,35
katafc,node-express,max,8,4,35
katafc,node-express,max,8,5,35
katafc,node-express,max,8,6,35
katafc,node-express,max,8,7,35
katafc,node-express,max,8,8,35
katafc,node-express,max,13,1,35
katafc,node-express,max,13,2,35
katafc,node-express,max,13,3,35
katafc,node-express,max,13,4,35
katafc,node-express,max,13,5,35
katafc,node-express,max,13,6,35
katafc,node-express,max,13,7,35
katafc,node-express,max,13,8,35
katafc,node-express,max,13,9,35
katafc,node-express,max,13,10,35
katafc,node-express,max,13,11,35
katafc,node-express,max,13,12,35
katafc,node-express,max,13,13,35
katafc,node-express,max,21,1,35
katafc,node-express,max,21,2,35
katafc,node-express,max,21,3,35
katafc,node-express,max,21,4,35
katafc,node-express,max,21,5,35
katafc,node-express,max,21,6,35
katafc,node-express,max,21,7,35
katafc,node-express,max,21,8,35
katafc,node-express,max,21,9,35
katafc,node-express,max,21,10,35
katafc,node-express,max,21,11,34
katafc,node-express,max,21,12,35
katafc,node-express,max,21,13,35
katafc,node-express,max,21,14,35
katafc,node-express,max,21,15,34
katafc,node-express,max,21,16,35
katafc,node-express,max,21,17,35
katafc,node-express,max,21,18,35
katafc,node-express,max,21,19,34
katafc,node-express,max,21,20,35
katafc,node-express,max,21,21,35
katafc,python-tornado,default,1,1,35
katafc,python-tornado,default,2,1,35
katafc,python-tornado,default,2,2,35
katafc,python-tornado,default,3,1,35
katafc,python-tornado,default,3,2,35
katafc,python-tornado,default,3,3,35
katafc,python-tornado,default,5,1,35
katafc,python-tornado,default,5,2,35
katafc,python-tornado,default,5,3,35
katafc,python-tornado,default,5,4,35
katafc,python-tornado,default,5,5,34
katafc,python-tornado,default,8,1,35
katafc,python-tornado,default,8,2,35
katafc,python-tornado,default,8,3,35
katafc,python-tornado,default,8,4,35
katafc,python-tornado,default,8,5,35
katafc,python-tornado,default,8,6,35
katafc,python-tornado,default,8,7,35
katafc,python-tornado,default,8,8,35
katafc,python-tornado,default,13,1,34
katafc,python-tornado,default,13,2,35
katafc,python-tornado,default,13,3,35
katafc,python-tornado,default,13,4,35
katafc,python-tornado,default,13,5,35
katafc,python-tornado,default,13,6,35
katafc,python-tornado,default,13,7,35
katafc,python-tornado,default,13,8,35
katafc,python-tornado,default,13,9,35
katafc,python-tornado,default,13,10,35
katafc,python-tornado,default,13,11,35
katafc,python-tornado,default,13,12,35
katafc,python-tornado,default,13,13,35
katafc,python-tornado,default,21,1,35
katafc,python-tornado,default,21,2,35
katafc,python-tornado,default,21,3,35
katafc,python-tornado,default,21,4,34
katafc,python-tornado,default,21,5,35
katafc,python-tornado,default,21,6,35
katafc,python-tornado,default,21,7,35
katafc,python-tornado,default,21,8,35
katafc,python-tornado,default,21,9,35
katafc,python-tornado,default,21,10,35
katafc,python-tornado,default,21,11,35
katafc,python-tornado,default,21,12,35
katafc,python-tornado,default,21,13,35
katafc,python-tornado,default,21,14,35
katafc,python-tornado,default,21,15,34
katafc,python-tornado,default,21,16,35
katafc,python-tornado,default,21,17,35
katafc,python-tornado,default,21,18,35
katafc,python-tornado,default,21,19,35
katafc,python-tornado,default,21,20,35
katafc,python-tornado,default,21,21,35
katafc,python-tornado,max,1,1,35
katafc,python-tornado,max,2,1,35
katafc,python-tornado,max,2,2,35
katafc,python-tornado,max,3,1,35
katafc,python-tornado,max,3,2,35
katafc,python-tornado,max,3,3,35
katafc,python-tornado,max,5,1,35
katafc,python-tornado,max,5,2,35
katafc,python-tornado,max,5,3,35
katafc,python-tornado,max,5,4,35
katafc,python-tornado,max,5,5,35
katafc,python-tornado,max,8,1,35
katafc,python-tornado,max,8,2,35
katafc,python-tornado,max,8,3,35
katafc,python-tornado,max,8,4,35
katafc,python-tornado,max,8,5,35
katafc,python-tornado,max,8,6,35
katafc,python-tornado,max,8,7,35
katafc,python-tornado,max,8,8,35
katafc,python-tornado,max,13,1,35
katafc,python-tornado,max,13,2,35
katafc,python-tornado,max,13,3,35
katafc,python-tornado,max,13,4,35
katafc,python-tornado,max,13,5,35
katafc,python-tornado,max,13,6,35
katafc,python-tornado,max,13,7,35
katafc,python-tornado,max,13,8,35
katafc,python-tornado,max,13,9,35
katafc,python-tornado,max,13,10,35
katafc,python-tornado,max,13,11,35
katafc,python-tornado,max,13,12,35
katafc,python-tornado,max,13,13,34
katafc,python-tornado,max,21,1,35
katafc,python-tornado,max,21,2,35
katafc,python-tornado,max,21,3,35
katafc,python-tornado,max,21,4,35
katafc,python-tornado,max,21,5,35
katafc,python-tornado,max,21,6,35
katafc,python-tornado,max,21,7,35
katafc,python-tornado,max,21,8,35
katafc,python-tornado,max,21,9,35
katafc,python-tornado,max,21,10,35
katafc,python-tornado,max,21,11,35
katafc,python-tornado,max,21,12,35
katafc,python-tornado,max,21,13,35
katafc,python-tornado,max,21,14,35
katafc,python-tornado,max,21,15,35
katafc,python-tornado,max,21,16,35
katafc,python-tornado,max,21,17,35
katafc,python-tornado,max,21,18,35
katafc,python-tornado,max,21,19,34
katafc,python-tornado,max,21,20,35
katafc,python-tornado,max,21,21,35
katafc,python-tornado,min,1,1,35
katafc,python-tornado,min,2,1,35
katafc,python-tornado,min,2,2,34
katafc,python-tornado,min,3,1,35
katafc,python-tornado,min,3,2,35
katafc,python-tornado,min,3,3,35
katafc,python-tornado,min,5,1,35
katafc,python-tornado,min,5,2,35
katafc,python-tornado,min,5,3,35
katafc,python-tornado,min,5,4,35
katafc,python-tornado,min,5,5,35
katafc,python-tornado,min,8,1,35
katafc,python-tornado,min,8,2,35
katafc,python-tornado,min,8,3,35
katafc,python-tornado,min,8,4,34
katafc,python-tornado,min,8,5,35
katafc,python-tornado,min,8,6,35
katafc,python-tornado,min,8,7,35
katafc,python-tornado,min,8,8,35
katafc,python-tornado,min,13,1,35
katafc,python-tornado,min,13,2,35
katafc,python-tornado,min,13,3,35
katafc,python-tornado,min,13,4,35
katafc,python-tornado,min,13,5,35
katafc,python-tornado,min,13,6,35
katafc,python-tornado,min,13,7,35
katafc,python-tornado,min,13,8,35
katafc,python-tornado,min,13,9,35
katafc,python-tornado,min,13,10,34
katafc,python-tornado,min,13,11,34
katafc,python-tornado,min,13,12,35
katafc,python-tornado,min,13,13,35
katafc,python-tornado,min,21,1,34
katafc,python-tornado,min,21,2,35
katafc,python-tornado,min,21,3,35
katafc,python-tornado,min,21,4,35
katafc,python-tornado,min,21,5,35
katafc,python-tornado,min,21,6,35
katafc,python-tornado,min,21,7,35
katafc,python-tornado,min,21,8,35
katafc,python-tornado,min,21,9,34
katafc,python-tornado,min,21,10,35
katafc,python-tornado,min,21,11,35
katafc,python-tornado,min,21,12,35
katafc,python-tornado,min,21,13,35
katafc,python-tornado,min,21,14,35
katafc,python-tornado,min,21,15,35
katafc,python-tornado,min,21,16,35
katafc,python-tornado,min,21,17,35
katafc,python-tornado,min,21,18,35
katafc,python-tornado,min,21,19,33
katafc,python-tornado,min,21,20,35
katafc,python-tornado,min,21,21,35
runnc,go-httpd,default,1,1,35
runnc,go-httpd,default,2,1,35
runnc,go-httpd,default,2,2,35
runnc,go-httpd,default,3,1,35
runnc,go-httpd,default,3,2,35
runnc,go-httpd,default,3,3,35
runnc,go-httpd,default,5,1,35
runnc,go-httpd,default,5,2,35
runnc,go-httpd,default,5,3,35
runnc,go-httpd,default,5,4,35
runnc,go-httpd,default,5,5,35
runnc,go-httpd,default,8,1,35
runnc,go-httpd,default,8,2,35
runnc,go-httpd,default,8,3,35
runnc,go-httpd,default,8,4,35
runnc,go-httpd,default,8,5,35
runnc,go-httpd,default,8,6,35
runnc,go-httpd,default,8,7,35
runnc,go-httpd,default,8,8,35
runnc,go-httpd,default,13,1,35
runnc,go-httpd,default,13,2,35
runnc,go-httpd,default,13,3,35
runnc,go-httpd,default,13,4,35
runnc,go-httpd,default,13,5,35
runnc,go-httpd,default,13,6,35
runnc,go-httpd,default,13,7,35
runnc,go-httpd,default,13,8,35
runnc,go-httpd,default,13,9,35
runnc,go-httpd,default,13,10,35
runnc,go-httpd,default,13,11,35
runnc,go-httpd,default,13,12,35
runnc,go-httpd,default,13,13,35
runnc,go-httpd,default,21,1,35
runnc,go-httpd,default,21,2,35
runnc,go-httpd,default,21,3,35
runnc,go-httpd,default,21,4,35
runnc,go-httpd,default,21,5,35
runnc,go-httpd,default,21,6,35
runnc,go-httpd,default,21,7,35
runnc,go-httpd,default,21,8,35
runnc,go-httpd,default,21,9,35
runnc,go-httpd,default,21,10,35
runnc,go-httpd,default,21,11,35
runnc,go-httpd,default,21,12,35
runnc,go-httpd,default,21,13,35
runnc,go-httpd,default,21,14,35
runnc,go-httpd,default,21,15,35
runnc,go-httpd,default,21,16,35
runnc,go-httpd,default,21,17,35
runnc,go-httpd,default,21,18,35
runnc,go-httpd,default,21,19,35
runnc,go-httpd,default,21,20,35
runnc,go-httpd,default,21,21,35
runnc,go-httpd,max,1,1,35
runnc,go-httpd,max,2,1,35
runnc,go-httpd,max,2,2,35
runnc,go-httpd,max,3,1,35
runnc,go-httpd,max,3,2,35
runnc,go-httpd,max,3,3,35
runnc,go-httpd,max,5,1,35
runnc,go-httpd,max,5,2,34
runnc,go-httpd,max,5,3,35
runnc,go-httpd,max,5,4,35
runnc,go-httpd,max,5,5,35
runnc,go-httpd,max,8,1,35
runnc,go-httpd,max,8,2,35
runnc,go-httpd,max,8,3,35
runnc,go-httpd,max,8,4,35
runnc,go-httpd,max,8,5,35
runnc,go-httpd,max,8,6,35
runnc,go-httpd,max,8,7,35
runnc,go-httpd,max,8,8,35
runnc,go-httpd,max,13,1,35
runnc,go-httpd,max,13,2,35
runnc,go-httpd,max,13,3,35
runnc,go-httpd,max,13,4,35
runnc,go-httpd,max,13,5,35
runnc,go-httpd,max,13,6,35
runnc,go-httpd,max,13,7,35
runnc,go-httpd,max,13,8,35
runnc,go-httpd,max,13,9,34
runnc,go-httpd,max,13,10,35
runnc,go-httpd,max,13,11,35
runnc,go-httpd,max,13,12,35
runnc,go-httpd,max,13,13,35
runnc,go-httpd,max,21,1,34
runnc,go-httpd,max,21,2,35
runnc,go-httpd,max,21,3,35
runnc,go-httpd,max,21,4,35
runnc,go-httpd,max,21,5,35
runnc,go-httpd,max,21,6,35
runnc,go-httpd,max,21,7,35
runnc,go-httpd,max,21,8,35
runnc,go-httpd,max,21,9,35
runnc,go-httpd,max,21,10,34
runnc,go-httpd,max,21,11,35
runnc,go-httpd,max,21,12,35
runnc,go-httpd,max,21,13,35
runnc,go-httpd,max,21,14,35
runnc,go-httpd,max,21,15,35
runnc,go-httpd,max,21,16,35
runnc,go-httpd,max,21,17,35
runnc,go-httpd,max,21,18,35
runnc,go-httpd,max,21,19,35
runnc,go-httpd,max,21,20,35
runnc,go-httpd,max,21,21,35
runnc,go-httpd,min,1,1,35
runnc,go-httpd,min,2,1,35
runnc,go-httpd,min,2,2,35
runnc,go-httpd,min,3,1,35
runnc,go-httpd,min,3,2,35
runnc,go-httpd,min,3,3,35
runnc,go-httpd,min,5,1,34
runnc,go-httpd,min,5,2,35
runnc,go-httpd,min,5,3,35
runnc,go-httpd,min,5,4,35
runnc,go-httpd,min,5,5,35
runnc,go-httpd,min,8,1,35
runnc,go-httpd,min,8,2,35
runnc,go-httpd,min,8,3,35
runnc,go-httpd,min,8,4,35
runnc,go-httpd,min,8,5,35
runnc,go-httpd,min,8,6,35
runnc,go-httpd,min,8,7,35
runnc,go-httpd,min,8,8,35
runnc,go-httpd,min,13,1,35
runnc,go-httpd,min,13,2,35
runnc,go-httpd,min,13,3,35
runnc,go-httpd,min,13,4,35
runnc,go-httpd,min,13,5,35
runnc,go-httpd,min,13,6,35
runnc,go-httpd,min,13,7,35
runnc,go-httpd,min,13,8,35
runnc,go-httpd,min,13,9,35
runnc,go-httpd,min,13,10,35
runnc,go-httpd,min,13,11,35
runnc,go-httpd,min,13,12,35
runnc,go-httpd,min,13,13,35
runnc,go-httpd,min,21,1,35
runnc,go-httpd,min,21,2,35
runnc,go-httpd,min,21,3,35
runnc,go-httpd,min,21,4,35
runnc,go-httpd,min,21,5,35
runnc,go-httpd,min,21,6,35
runnc,go-httpd,min,21,7,35
runnc,go-httpd,min,21,8,35
runnc,go-httpd,min,21,9,35
runnc,go-httpd,min,21,10,35
runnc,go-httpd,min,21,11,35
runnc,go-httpd,min,21,12,35
runnc,go-httpd,min,21,13,35
runnc,go-httpd,min,21,14,35
runnc,go-httpd,min,21,15,35
runnc,go-httpd,min,21,16,35
runnc,go-httpd,min,21,17,35
runnc,go-httpd,min,21,18,35
runnc,go-httpd,min,21,19,35
runnc,go-httpd,min,21,20,35
runnc,go-httpd,min,21,21,35
runnc,python-tornado,default,1,1,35
runnc,python-tornado,default,2,1,35
runnc,python-tornado,default,2,2,29
runnc,python-tornado,default,3,1,32
runnc,python-tornado,default,3,2,32
runnc,python-tornado,default,3,3,35
runnc,python-tornado,default,5,1,33
runnc,python-tornado,default,5,2,32
runnc,python-tornado,default,5,3,35
runnc,python-tornado,default,5,4,35
runnc,python-tornado,default,5,5,35
runnc,python-tornado,default,8,1,34
runnc,python-tornado,default,8,2,33
runnc,python-tornado,default,8,3,35
runnc,python-tornado,default,8,4,35
runnc,python-tornado,default,8,5,34
runnc,python-tornado,default,8,6,35
runnc,python-tornado,default,8,7,35
runnc,python-tornado,default,8,8,34
runnc,python-tornado,max,1,1,35
runnc,python-tornado,max,2,1,35
runnc,python-tornado,max,2,2,35
runnc,python-tornado,max,3,1,31
runnc,python-tornado,max,3,2,32
runnc,python-tornado,max,3,3,29
runnc,python-tornado,max,5,1,30
runnc,python-tornado,max,5,2,32
runnc,python-tornado,max,5,3,34
runnc,python-tornado,max,5,4,34
runnc,python-tornado,max,5,5,35
runnc,python-tornado,max,8,1,32
runnc,python-tornado,max,8,2,33
runnc,python-tornado,max,8,3,35
runnc,python-tornado,max,8,4,34
runnc,python-tornado,max,8,5,31
runnc,python-tornado,max,8,6,34
runnc,python-tornado,max,8,7,35
runnc,python-tornado,max,8,8,35
runnc,python-tornado,min,1,1,33
runnc,python-tornado,min,2,1,33
runnc,python-tornado,min,2,2,35
runnc,python-tornado,min,3,1,32
runnc,python-tornado,min,3,2,34
runnc,python-tornado,min,3,3,34
runnc,python-tornado,min,5,1,34
runnc,python-tornado,min,5,2,35
runnc,python-tornado,min,5,3,32
runnc,python-tornado,min,5,4,35
runnc,python-tornado,min,5,5,34
runnc,python-tornado,min,8,1,33
runnc,python-tornado,min,8,2,35
runnc,python-tornado,min,8,3,31
runnc,python-tornado,min,8,4,35
runnc,python-tornado,min,8,5,34
runnc,python-tornado,min,8,6,34
runnc,python-tornado,min,8,7,35
runnc,python-tornado,min,8,8,35
runsc,go-httpd,default,1,1,35
runsc,go-httpd,default,2,1,35
runsc,go-httpd,default,2,2,35
runsc,go-httpd,default,3,1,35
runsc,go-httpd,default,3,2,35
runsc,go-httpd,default,3,3,35
runsc,go-httpd,default,5,1,35
runsc,go-httpd,default,5,2,35
runsc,go-httpd,default,5,3,35
runsc,go-httpd,default,5,4,35
runsc,go-httpd,default,5,5,35
runsc,go-httpd,default,8,1,35
runsc,go-httpd,default,8,2,35
runsc,go-httpd,default,8,3,35
runsc,go-httpd,default,8,4,35
runsc,go-httpd,default,8,5,35
runsc,go-httpd,default,8,6,34
runsc,go-httpd,default,8,7,34
runsc,go-httpd,default,8,8,35
runsc,go-httpd,default,13,1,35
runsc,go-httpd,default,13,2,35
runsc,go-httpd,default,13,3,35
runsc,go-httpd,default,13,4,35
runsc,go-httpd,default,13,5,33
runsc,go-httpd,default,13,6,35
runsc,go-httpd,default,13,7,35
runsc,go-httpd,default,13,8,35
runsc,go-httpd,default,13,9,35
runsc,go-httpd,default,13,10,35
runsc,go-httpd,default,13,11,35
runsc,go-httpd,default,13,12,35
runsc,go-httpd,default,13,13,35
runsc,go-httpd,default,21,1,35
runsc,go-httpd,default,21,2,35
runsc,go-httpd,default,21,3,35
runsc,go-httpd,default,21,4,35
runsc,go-httpd,default,21,5,35
runsc,go-httpd,default,21,6,35
runsc,go-httpd,default,21,7,35
runsc,go-httpd,default,21,8,35
runsc,go-httpd,default,21,9,35
runsc,go-httpd,default,21,10,35
runsc,go-httpd,default,21,11,35
runsc,go-httpd,default,21,12,35
runsc,go-httpd,default,21,13,35
runsc,go-httpd,default,21,14,34
runsc,go-httpd,default,21,15,35
runsc,go-httpd,default,21,16,35
runsc,go-httpd,default,21,17,34
runsc,go-httpd,default,21,18,35
runsc,go-httpd,default,21,19,35
runsc,go-httpd,default,21,20,35
runsc,go-httpd,default,21,21,35
runsc,go-httpd,max,1,1,35
runsc,go-httpd,max,2,1,35
runsc,go-httpd,max,2,2,35
runsc,go-httpd,max,3,1,35
runsc,go-httpd,max,3,2,35
runsc,go-httpd,max,3,3,35
runsc,go-httpd,max,5,1,35
runsc,go-httpd,max,5,2,35
runsc,go-httpd,max,5,3,34
runsc,go-httpd,max,5,4,35
runsc,go-httpd,max,5,5,35
runsc,go-httpd,max,8,1,35
runsc,go-httpd,max,8,2,35
runsc,go-httpd,max,8,3,35
runsc,go-httpd,max,8,4,35
runsc,go-httpd,max,8,5,35
runsc,go-httpd,max,8,6,35
runsc,go-httpd,max,8,7,35
runsc,go-httpd,max,8,8,35
runsc,go-httpd,max,13,1,35
runsc,go-httpd,max,13,2,35
runsc,go-httpd,max,13,3,35
runsc,go-httpd,max,13,4,35
runsc,go-httpd,max,13,5,35
runsc,go-httpd,max,13,6,35
runsc,go-httpd,max,13,7,35
runsc,go-httpd,max,13,8,35
runsc,go-httpd,max,13,9,35
runsc,go-httpd,max,13,10,35
runsc,go-httpd,max,13,11,35
runsc,go-httpd,max,13,12,35
runsc,go-httpd,max,13,13,35
runsc,go-httpd,max,21,1,35
runsc,go-httpd,max,21,2,35
runsc,go-httpd,max,21,3,35
runsc,go-httpd,max,21,4,35
runsc,go-httpd,max,21,5,35
runsc,go-httpd,max,21,6,35
runsc,go-httpd,max,21,7,35
runsc,go-httpd,max,21,8,35
runsc,go-httpd,max,21,9,35
runsc,go-httpd,max,21,10,35
runsc,go-httpd,max,21,11,35
runsc,go-httpd,max,21,12,34
runsc,go-httpd,max,21,13,34
runsc,go-httpd,max,21,14,35
runsc,go-httpd,max,21,15,35
runsc,go-httpd,max,21,16,35
runsc,go-httpd,max,21,17,35
runsc,go-httpd,max,21,18,35
runsc,go-httpd,max,21,19,35
runsc,go-httpd,max,21,20,35
runsc,go-httpd,max,21,21,35
runsc,go-httpd,min,1,1,34
runsc,go-httpd,min,2,1,35
runsc,go-httpd,min,2,2,35
runsc,go-httpd,min,3,1,35
runsc,go-httpd,min,3,2,35
runsc,go-httpd,min,3,3,35
runsc,go-httpd,min,5,1,35
runsc,go-httpd,min,5,2,35
runsc,go-httpd,min,5,3,35
runsc,go-httpd,min,5,4,35
runsc,go-httpd,min,5,5,35
runsc,go-httpd,min,8,1,35
runsc,go-httpd,min,8,2,35
runsc,go-httpd,min,8,3,35
runsc,go-httpd,min,8,4,35
runsc,go-httpd,min,8,5,35
runsc,go-httpd,min,8,6,35
runsc,go-httpd,min,8,7,35
runsc,go-httpd,min,8,8,35
runsc,go-httpd,min,13,1,35
runsc,go-httpd,min,13,2,35
runsc,go-httpd,min,13,3,35
runsc,go-httpd,min,13,4,35
runsc,go-httpd,min,13,5,35
runsc,go-httpd,min,13,6,35
runsc,go-httpd,min,13,7,35
runsc,go-httpd,min,13,8,35
runsc,go-httpd,min,13,9,34
runsc,go-httpd,min,13,10,35
runsc,go-httpd,min,13,11,35
runsc,go-httpd,min,13,12,35
runsc,go-httpd,min,13,13,35
runsc,go-httpd,min,21,1,35
runsc,go-httpd,min,21,2,35
runsc,go-httpd,min,21,3,35
runsc,go-httpd,min,21,4,35
runsc,go-httpd,min,21,5,35
runsc,go-httpd,min,21,6,35
runsc,go-httpd,min,21,7,35
runsc,go-httpd,min,21,8,35
runsc,go-httpd,min,21,9,34
runsc,go-httpd,min,21,10,35
runsc,go-httpd,min,21,11,35
runsc,go-httpd,min,21,12,35
runsc,go-httpd,min,21,13,35
runsc,go-httpd,min,21,14,35
runsc,go-httpd,min,21,15,35
runsc,go-httpd,min,21,16,35
runsc,go-httpd,min,21,17,35
runsc,go-httpd,min,21,18,35
runsc,go-httpd,min,21,19,34
runsc,go-httpd,min,21,20,35
runsc,go-httpd,min,21,21,35
runsc,httpd,default,1,1,35
runsc,httpd,default,2,1,35
runsc,httpd,default,2,2,35
runsc,httpd,default,3,1,35
runsc,httpd,default,3,2,35
runsc,httpd,default,3,3,35
runsc,httpd,default,5,1,35
runsc,httpd,default,5,2,35
runsc,httpd,default,5,3,35
runsc,httpd,default,5,4,35
runsc,httpd,default,5,5,35
runsc,httpd,default,8,1,34
runsc,httpd,default,8,2,35
runsc,httpd,default,8,3,35
runsc,httpd,default,8,4,35
runsc,httpd,default,8,5,35
runsc,httpd,default,8,6,35
runsc,httpd,default,8,7,35
runsc,httpd,default,8,8,35
runsc,httpd,default,13,1,35
runsc,httpd,default,13,2,35
runsc,httpd,default,13,3,35
runsc,httpd,default,13,4,35
runsc,httpd,default,13,5,35
runsc,httpd,default,13,6,35
runsc,httpd,default,13,7,35
runsc,httpd,default,13,8,35
runsc,httpd,default,13,9,35
runsc,httpd,default,13,10,34
runsc,httpd,default,13,11,35
runsc,httpd,default,13,12,35
runsc,httpd,default,13,13,35
runsc,httpd,default,21,1,23
runsc,httpd,default,21,2,24
runsc,httpd,default,21,3,23
runsc,httpd,default,21,4,20
runsc,httpd,default,21,5,24
runsc,httpd,default,21,6,17
runsc,httpd,default,21,7,17
runsc,httpd,default,21,8,13
runsc,httpd,default,21,9,18
runsc,httpd,default,21,10,18
runsc,httpd,default,21,11,9
runsc,httpd,default,21,12,11
runsc,httpd,default,21,13,10
runsc,httpd,default,21,14,10
runsc,httpd,default,21,15,9
runsc,httpd,default,21,16,12
runsc,httpd,default,21,17,11
runsc,httpd,default,21,18,6
runsc,httpd,default,21,19,6
runsc,httpd,default,21,20,11
runsc,httpd,default,21,21,9
runsc,httpd,max,1,1,35
runsc,httpd,max,2,1,35
runsc,httpd,max,2,2,35
runsc,httpd,max,3,1,35
runsc,httpd,max,3,2,35
runsc,httpd,max,3,3,35
runsc,httpd,max,5,1,35
runsc,httpd,max,5,2,35
runsc,httpd,max,5,3,35
runsc,httpd,max,5,4,35
runsc,httpd,max,5,5,35
runsc,httpd,max,8,1,35
runsc,httpd,max,8,2,35
runsc,httpd,max,8,3,35
runsc,httpd,max,8,4,35
runsc,httpd,max,8,5,35
runsc,httpd,max,8,6,35
runsc,httpd,max,8,7,35
runsc,httpd,max,8,8,35
runsc,httpd,max,13,1,35
runsc,httpd,max,13,2,35
runsc,httpd,max,13,3,35
runsc,httpd,max,13,4,35
runsc,httpd,max,13,5,35
runsc,httpd,max,13,6,35
runsc,httpd,max,13,7,35
runsc,httpd,max,13,8,35
runsc,httpd,max,13,9,35
runsc,httpd,max,13,10,35
runsc,httpd,max,13,11,35
runsc,httpd,max,13,12,35
runsc,httpd,max,13,13,35
runsc,httpd,max,21,1,29
runsc,httpd,max,21,2,24
runsc,httpd,max,21,3,20
runsc,httpd,max,21,4,17
runsc,httpd,max,21,5,19
runsc,httpd,max,21,6,24
runsc,httpd,max,21,7,19
runsc,httpd,max,21,8,19
runsc,httpd,max,21,9,16
runsc,httpd,max,21,10,15
runsc,httpd,max,21,11,17
runsc,httpd,max,21,12,13
runsc,httpd,max,21,13,15
runsc,httpd,max,21,14,12
runsc,httpd,max,21,15,11
runsc,httpd,max,21,16,12
runsc,httpd,max,21,17,12
runsc,httpd,max,21,18,10
runsc,httpd,max,21,19,10
runsc,httpd,max,21,20,6
runsc,httpd,max,21,21,9
runsc,httpd,min,1,1,31
runsc,httpd,min,2,1,35
runsc,httpd,min,2,2,35
runsc,httpd,min,3,1,35
runsc,httpd,min,3,2,35
runsc,httpd,min,3,3,35
runsc,httpd,min,5,1,35
runsc,httpd,min,5,2,35
runsc,httpd,min,5,3,35
runsc,httpd,min,5,4,35
runsc,httpd,min,5,5,35
runsc,httpd,min,8,1,35
runsc,httpd,min,8,2,35
runsc,httpd,min,8,3,35
runsc,httpd,min,8,4,35
runsc,httpd,min,8,5,35
runsc,httpd,min,8,6,35
runsc,httpd,min,8,7,35
runsc,httpd,min,8,8,35
runsc,httpd,min,13,1,35
runsc,httpd,min,13,2,35
runsc,httpd,min,13,3,35
runsc,httpd,min,13,4,35
runsc,httpd,min,13,5,35
runsc,httpd,min,13,6,35
runsc,httpd,min,13,7,35
runsc,httpd,min,13,8,35
runsc,httpd,min,13,9,35
runsc,httpd,min,13,10,35
runsc,httpd,min,13,11,35
runsc,httpd,min,13,12,35
runsc,httpd,min,13,13,35
runsc,httpd,min,21,1,32
runsc,httpd,min,21,2,24
runsc,httpd,min,21,3,25
runsc,httpd,min,21,4,22
runsc,httpd,min,21,5,22
runsc,httpd,min,21,6,22
runsc,httpd,min,21,7,16
runsc,httpd,min,21,8,14
runsc,httpd,min,21,9,13
runsc,httpd,min,21,10,16
runsc,httpd,min,21,11,11
runsc,httpd,min,21,12,11
runsc,httpd,min,21,13,18
runsc,httpd,min,21,14,10
runsc,httpd,min,21,15,12
runsc,httpd,min,21,16,6
runsc,httpd,min,21,17,12
runsc,httpd,min,21,18,13
runsc,httpd,min,21,19,8
runsc,httpd,min,21,20,5
runsc,httpd,min,21,21,3
runsc,nginx,default,1,1,35
runsc,nginx,default,2,1,35
runsc,nginx,default,2,2,35
runsc,nginx,default,3,1,35
runsc,nginx,default,3,2,35
runsc,nginx,default,3,3,35
runsc,nginx,default,5,1,35
runsc,nginx,default,5,2,35
runsc,nginx,default,5,3,35
runsc,nginx,default,5,4,35
runsc,nginx,default,5,5,35
runsc,nginx,default,8,1,35
runsc,nginx,default,8,2,35
runsc,nginx,default,8,3,35
runsc,nginx,default,8,4,35
runsc,nginx,default,8,5,35
runsc,nginx,default,8,6,35
runsc,nginx,default,8,7,35
runsc,nginx,default,8,8,35
runsc,nginx,default,13,1,35
runsc,nginx,default,13,2,35
runsc,nginx,default,13,3,35
runsc,nginx,default,13,4,35
runsc,nginx,default,13,5,35
runsc,nginx,default,13,6,35
runsc,nginx,default,13,7,35
runsc,nginx,default,13,8,35
runsc,nginx,default,13,9,35
runsc,nginx,default,13,10,35
runsc,nginx,default,13,11,35
runsc,nginx,default,13,12,35
runsc,nginx,default,13,13,35
runsc,nginx,default,21,1,35
runsc,nginx,default,21,2,35
runsc,nginx,default,21,3,35
runsc,nginx,default,21,4,35
runsc,nginx,default,21,5,35
runsc,nginx,default,21,6,35
runsc,nginx,default,21,7,35
runsc,nginx,default,21,8,35
runsc,nginx,default,21,9,35
runsc,nginx,default,21,10,35
runsc,nginx,default,21,11,35
runsc,nginx,default,21,12,35
runsc,nginx,default,21,13,35
runsc,nginx,default,21,14,35
runsc,nginx,default,21,15,35
runsc,nginx,default,21,16,35
runsc,nginx,default,21,17,35
runsc,nginx,default,21,18,35
runsc,nginx,default,21,19,34
runsc,nginx,default,21,20,35
runsc,nginx,default,21,21,35
runsc,nginx,max,1,1,35
runsc,nginx,max,2,1,35
runsc,nginx,max,2,2,35
runsc,nginx,max,3,1,35
runsc,nginx,max,3,2,35
runsc,nginx,max,3,3,35
runsc,nginx,max,5,1,35
runsc,nginx,max,5,2,35
runsc,nginx,max,5,3,35
runsc,nginx,max,5,4,35
runsc,nginx,max,5,5,35
runsc,nginx,max,8,1,35
runsc,nginx,max,8,2,35
runsc,nginx,max,8,3,35
runsc,nginx,max,8,4,35
runsc,nginx,max,8,5,35
runsc,nginx,max,8,6,35
runsc,nginx,max,8,7,35
runsc,nginx,max,8,8,35
runsc,nginx,max,13,1,34
runsc,nginx,max,13,2,35
runsc,nginx,max,13,3,35
runsc,nginx,max,13,4,34
runsc,nginx,max,13,5,35
runsc,nginx,max,13,6,35
runsc,nginx,max,13,7,35
runsc,nginx,max,13,8,35
runsc,nginx,max,13,9,35
runsc,nginx,max,13,10,35
runsc,nginx,max,13,11,35
runsc,nginx,max,13,12,35
runsc,nginx,max,13,13,34
runsc,nginx,max,21,1,35
runsc,nginx,max,21,2,35
runsc,nginx,max,21,3,35
runsc,nginx,max,21,4,35
runsc,nginx,max,21,5,35
runsc,nginx,max,21,6,35
runsc,nginx,max,21,7,35
runsc,nginx,max,21,8,35
runsc,nginx,max,21,9,35
runsc,nginx,max,21,10,35
runsc,nginx,max,21,11,35
runsc,nginx,max,21,12,35
runsc,nginx,max,21,13,34
runsc,nginx,max,21,14,35
runsc,nginx,max,21,15,35
runsc,nginx,max,21,16,35
runsc,nginx,max,21,17,35
runsc,nginx,max,21,18,35
runsc,nginx,max,21,19,35
runsc,nginx,max,21,20,33
runsc,nginx,max,21,21,35
runsc,nginx,min,1,1,35
runsc,nginx,min,2,1,35
runsc,nginx,min,2,2,34
runsc,nginx,min,3,1,35
runsc,nginx,min,3,2,35
runsc,nginx,min,3,3,35
runsc,nginx,min,5,1,35
runsc,nginx,min,5,2,35
runsc,nginx,min,5,3,35
runsc,nginx,min,5,4,35
runsc,nginx,min,5,5,35
runsc,nginx,min,8,1,35
runsc,nginx,min,8,2,35
runsc,nginx,min,8,3,35
runsc,nginx,min,8,4,35
runsc,nginx,min,8,5,35
runsc,nginx,min,8,6,35
runsc,nginx,min,8,7,35
runsc,nginx,min,8,8,35
runsc,nginx,min,13,1,35
runsc,nginx,min,13,2,35
runsc,nginx,min,13,3,35
runsc,nginx,min,13,4,35
runsc,nginx,min,13,5,35
runsc,nginx,min,13,6,34
runsc,nginx,min,13,7,35
runsc,nginx,min,13,8,35
runsc,nginx,min,13,9,35
runsc,nginx,min,13,10,35
runsc,nginx,min,13,11,35
runsc,nginx,min,13,12,35
runsc,nginx,min,13,13,35
runsc,nginx,min,21,1,35
runsc,nginx,min,21,2,34
runsc,nginx,min,21,3,35
runsc,nginx,min,21,4,35
runsc,nginx,min,21,5,35
runsc,nginx,min,21,6,35
runsc,nginx,min,21,7,35
runsc,nginx,min,21,8,35
runsc,nginx,min,21,9,35
runsc,nginx,min,21,10,35
runsc,nginx,min,21,11,35
runsc,nginx,min,21,12,35
runsc,nginx,min,21,13,35
runsc,nginx,min,21,14,35
runsc,nginx,min,21,15,35
runsc,nginx,min,21,16,35
runsc,nginx,min,21,17,35
runsc,nginx,min,21,18,35
runsc,nginx,min,21,19,35
runsc,nginx,min,21,20,35
runsc,nginx,min,21,21,35
runsc,python-tornado,default,1,1,35
runsc,python-tornado,default,2,1,35
runsc,python-tornado,default,2,2,35
runsc,python-tornado,default,3,1,35
runsc,python-tornado,default,3,2,35
runsc,python-tornado,default,3,3,35
runsc,python-tornado,default,5,1,35
runsc,python-tornado,default,5,2,35
runsc,python-tornado,default,5,3,35
runsc,python-tornado,default,5,4,35
runsc,python-tornado,default,5,5,35
runsc,python-tornado,default,8,1,35
runsc,python-tornado,default,8,2,35
runsc,python-tornado,default,8,3,35
runsc,python-tornado,default,8,4,35
runsc,python-tornado,default,8,5,35
runsc,python-tornado,default,8,6,35
runsc,python-tornado,default,8,7,35
runsc,python-tornado,default,8,8,35
runsc,python-tornado,default,13,1,35
runsc,python-tornado,default,13,2,35
runsc,python-tornado,default,13,3,35
runsc,python-tornado,default,13,4,35
runsc,python-tornado,default,13,5,35
runsc,python-tornado,default,13,6,35
runsc,python-tornado,default,13,7,35
runsc,python-tornado,default,13,8,35
runsc,python-tornado,default,13,9,34
runsc,python-tornado,default,13,10,35
runsc,python-tornado,default,13,11,34
runsc,python-tornado,default,13,12,35
runsc,python-tornado,default,13,13,35
runsc,python-tornado,default,21,1,35
runsc,python-tornado,default,21,2,35
runsc,python-tornado,default,21,3,35
runsc,python-tornado,default,21,4,35
runsc,python-tornado,default,21,5,35
runsc,python-tornado,default,21,6,35
runsc,python-tornado,default,21,7,35
runsc,python-tornado,default,21,8,35
runsc,python-tornado,default,21,9,34
runsc,python-tornado,default,21,10,34
runsc,python-tornado,default,21,11,35
runsc,python-tornado,default,21,12,35
runsc,python-tornado,default,21,13,35
runsc,python-tornado,default,21,14,35
runsc,python-tornado,default,21,15,35
runsc,python-tornado,default,21,16,35
runsc,python-tornado,default,21,17,35
runsc,python-tornado,default,21,18,35
runsc,python-tornado,default,21,19,34
runsc,python-tornado,default,21,20,34
runsc,python-tornado,default,21,21,35
runsc,python-tornado,max,1,1,35
runsc,python-tornado,max,2,1,35
runsc,python-tornado,max,2,2,34
runsc,python-tornado,max,3,1,34
runsc,python-tornado,max,3,2,35
runsc,python-tornado,max,3,3,35
runsc,python-tornado,max,5,1,35
runsc,python-tornado,max,5,2,35
runsc,python-tornado,max,5,3,34
runsc,python-tornado,max,5,4,35
runsc,python-tornado,max,5,5,35
runsc,python-tornado,max,8,1,35
runsc,python-tornado,max,8,2,35
runsc,python-tornado,max,8,3,35
runsc,python-tornado,max,8,4,35
runsc,python-tornado,max,8,5,35
runsc,python-tornado,max,8,6,35
runsc,python-tornado,max,8,7,35
runsc,python-tornado,max,8,8,35
runsc,python-tornado,max,13,1,35
runsc,python-tornado,max,13,2,35
runsc,python-tornado,max,13,3,35
runsc,python-tornado,max,13,4,35
runsc,python-tornado,max,13,5,35
runsc,python-tornado,max,13,6,35
runsc,python-tornado,max,13,7,34
runsc,python-tornado,max,13,8,35
runsc,python-tornado,max,13,9,34
runsc,python-tornado,max,13,10,35
runsc,python-tornado,max,13,11,34
runsc,python-tornado,max,13,12,35
runsc,python-tornado,max,13,13,35
runsc,python-tornado,max,21,1,34
runsc,python-tornado,max,21,2,35
runsc,python-tornado,max,21,3,35
runsc,python-tornado,max,21,4,35
runsc,python-tornado,max,21,5,35
runsc,python-tornado,max,21,6,35
runsc,python-tornado,max,21,7,34
runsc,python-tornado,max,21,8,35
runsc,python-tornado,max,21,9,35
runsc,python-tornado,max,21,10,35
runsc,python-tornado,max,21,11,35
runsc,python-tornado,max,21,12,35
runsc,python-tornado,max,21,13,35
runsc,python-tornado,max,21,14,35
runsc,python-tornado,max,21,15,35
runsc,python-tornado,max,21,16,35
runsc,python-tornado,max,21,17,34
runsc,python-tornado,max,21,18,33
runsc,python-tornado,max,21,19,35
runsc,python-tornado,max,21,20,34
runsc,python-tornado,max,21,21,34
runsc,python-tornado,min,1,1,24
runsc,python-tornado,min,2,1,33
runsc,python-tornado,min,2,2,35
runsc,python-tornado,min,3,1,35
runsc,python-tornado,min,3,2,35
runsc,python-tornado,min,3,3,34
runsc,python-tornado,min,5,1,35
runsc,python-tornado,min,5,2,35
runsc,python-tornado,min,5,3,35
runsc,python-tornado,min,5,4,35
runsc,python-tornado,min,5,5,34
runsc,python-tornado,min,8,1,35
runsc,python-tornado,min,8,2,34
runsc,python-tornado,min,8,3,35
runsc,python-tornado,min,8,4,35
runsc,python-tornado,min,8,5,34
runsc,python-tornado,min,8,6,35
runsc,python-tornado,min,8,7,34
runsc,python-tornado,min,8,8,35
runsc,python-tornado,min,13,1,35
runsc,python-tornado,min,13,2,35
runsc,python-tornado,min,13,3,35
runsc,python-tornado,min,13,4,35
runsc,python-tornado,min,13,5,35
runsc,python-tornado,min,13,6,35
runsc,python-tornado,min,13,7,35
runsc,python-tornado,min,13,8,34
runsc,python-tornado,min,13,9,35
runsc,python-tornado,min,13,10,35
runsc,python-tornado,min,13,11,35
runsc,python-tornado,min,13,12,35
runsc,python-tornado,min,13,13,35
runsc,python-tornado,min,21,1,35
runsc,python-tornado,min,21,2,35
runsc,python-tornado,min,21,3,34
runsc,python-tornado,min,21,4,35
runsc,python-tornado,min,21,5,35
runsc,python-tornado,min,21,6,34
runsc,python-tornado,min,21,7,35
runsc,python-tornado,min,21,8,35
runsc,python-tornado,min,21,9,35
runsc,python-tornado,min,21,10,34
runsc,python-tornado,min,21,11,35
runsc,python-tornado,min,21,12,34
runsc,python-tornado,min,21,13,35
runsc,python-tornado,min,21,14,35
runsc,python-tornado,min,21,15,35
runsc,python-tornado,min,21,16,35
runsc,python-tornado,min,21,17,35
runsc,python-tornado,min,21,18,35
runsc,python-tornado,min,21,19,35
runsc,python-tornado,min,21,20,33
runsc,python-tornado,min,21,21,35
runsc,tomcat,default,1,1,14
runsc,tomcat,default,2,1,35
runsc,tomcat,default,2,2,35
runsc,tomcat,default,3,1,35
runsc,tomcat,default,3,2,35
runsc,tomcat,default,3,3,35
runsc,tomcat,default,5,1,35
runsc,tomcat,default,5,2,35
runsc,tomcat,default,5,3,35
runsc,tomcat,default,5,4,35
runsc,tomcat,default,5,5,35
runsc,tomcat,default,8,1,35
runsc,tomcat,default,8,2,35
runsc,tomcat,default,8,3,35
runsc,tomcat,default,8,4,35
runsc,tomcat,default,8,5,35
runsc,tomcat,default,8,6,34
runsc,tomcat,default,8,7,35
runsc,tomcat,default,8,8,35
runsc,tomcat,default,13,1,35
runsc,tomcat,default,13,2,35
runsc,tomcat,default,13,3,35
runsc,tomcat,default,13,4,35
runsc,tomcat,default,13,5,35
runsc,tomcat,default,13,6,35
runsc,tomcat,default,13,7,34
runsc,tomcat,default,13,8,35
runsc,tomcat,default,13,9,35
runsc,tomcat,default,13,10,35
runsc,tomcat,default,13,11,35
runsc,tomcat,default,13,12,35
runsc,tomcat,default,13,13,35
runsc,tomcat,default,21,1,35
runsc,tomcat,default,21,2,35
runsc,tomcat,default,21,3,35
runsc,tomcat,default,21,4,35
runsc,tomcat,default,21,5,35
runsc,tomcat,default,21,6,35
runsc,tomcat,default,21,7,35
runsc,tomcat,default,21,8,35
runsc,tomcat,default,21,9,35
runsc,tomcat,default,21,10,35
runsc,tomcat,default,21,11,35
runsc,tomcat,default,21,12,34
runsc,tomcat,default,21,13,35
runsc,tomcat,default,21,14,35
runsc,tomcat,default,21,15,34
runsc,tomcat,default,21,16,35
runsc,tomcat,default,21,17,35
runsc,tomcat,default,21,18,34
runsc,tomcat,default,21,19,35
runsc,tomcat,default,21,20,35
runsc,tomcat,default,21,21,35
runsc,tomcat,max,1,1,8
runsc,tomcat,max,2,1,35
runsc,tomcat,max,2,2,35
runsc,tomcat,max,3,1,35
runsc,tomcat,max,3,2,35
runsc,tomcat,max,3,3,35
runsc,tomcat,max,5,1,35
runsc,tomcat,max,5,2,35
runsc,tomcat,max,5,3,35
runsc,tomcat,max,5,4,35
runsc,tomcat,max,5,5,35
runsc,tomcat,max,8,1,35
runsc,tomcat,max,8,2,35
runsc,tomcat,max,8,3,35
runsc,tomcat,max,8,4,34
runsc,tomcat,max,8,5,35
runsc,tomcat,max,8,6,34
runsc,tomcat,max,8,7,35
runsc,tomcat,max,8,8,35
runsc,tomcat,max,13,1,35
runsc,tomcat,max,13,2,35
runsc,tomcat,max,13,3,35
runsc,tomcat,max,13,4,35
runsc,tomcat,max,13,5,35
runsc,tomcat,max,13,6,35
runsc,tomcat,max,13,7,34
runsc,tomcat,max,13,8,34
runsc,tomcat,max,13,9,35
runsc,tomcat,max,13,10,33
runsc,tomcat,max,13,11,34
runsc,tomcat,max,13,12,35
runsc,tomcat,max,13,13,35
runsc,tomcat,max,21,1,35
runsc,tomcat,max,21,2,35
runsc,tomcat,max,21,3,35
runsc,tomcat,max,21,4,34
runsc,tomcat,max,21,5,34
runsc,tomcat,max,21,6,35
runsc,tomcat,max,21,7,34
runsc,tomcat,max,21,8,35
runsc,tomcat,max,21,9,35
runsc,tomcat,max,21,10,34
runsc,tomcat,max,21,11,34
runsc,tomcat,max,21,12,35
runsc,tomcat,max,21,13,35
runsc,tomcat,max,21,14,34
runsc,tomcat,max,21,15,35
runsc,tomcat,max,21,16,34
runsc,tomcat,max,21,17,35
runsc,tomcat,max,21,18,34
runsc,tomcat,max,21,19,35
runsc,tomcat,max,21,20,35
runsc,tomcat,max,21,21,35
runsc,tomcat,min,1,1,1
runsc,tomcat,min,2,1,1
runsc,tomcat,min,2,2,1
runsc,tomcat,min,3,1,1
runsc,tomcat,min,3,2,1
runsc,tomcat,min,3,3,1
runsc,tomcat,min,5,1,35
runsc,tomcat,min,5,2,35
runsc,tomcat,min,5,3,35
runsc,tomcat,min,5,4,35
runsc,tomcat,min,5,5,35
runsc,tomcat,min,8,1,35
runsc,tomcat,min,8,2,35
runsc,tomcat,min,8,3,35
runsc,tomcat,min,8,4,35
runsc,tomcat,min,8,5,35
runsc,tomcat,min,8,6,35
runsc,tomcat,min,8,7,35
runsc,tomcat,min,8,8,35
runsc,tomcat,min,13,1,35
runsc,tomcat,min,13,2,35
runsc,tomcat,min,13,3,35
runsc,tomcat,min,13,4,35
runsc,tomcat,min,13,5,35
runsc,tomcat,min,13,6,35
runsc,tomcat,min,13,7,35
runsc,tomcat,min,13,8,34
runsc,tomcat,min,13,9,35
runsc,tomcat,min,13,10,35
runsc,tomcat,min,13,11,33
runsc,tomcat,min,13,12,35
runsc,tomcat,min,13,13,35
runsc,tomcat,min,21,1,35
runsc,tomcat,min,21,2,35
runsc,tomcat,min,21,3,35
runsc,tomcat,min,21,4,35
runsc,tomcat,min,21,5,35
runsc,tomcat,min,21,6,35
runsc,tomcat,min,21,7,35
runsc,tomcat,min,21,8,35
runsc,tomcat,min,21,9,34
runsc,tomcat,min,21,10,34
runsc,tomcat,min,21,11,35
runsc,tomcat,min,21,12,34
runsc,tomcat,min,21,13,35
runsc,tomcat,min,21,14,35
runsc,tomcat,min,21,15,35
runsc,tomcat,min,21,16,35
runsc,tomcat,min,21,17,35
runsc,tomcat,min,21,18,34
runsc,tomcat,min,21,19,35
runsc,tomcat,min,21,20,35
runsc,tomcat,min,21,21,35
