"runtime","image_name","ressource_limit","repeat","duration","type","send","received","filepath"
"default","iperf","default","1","10","tcp","944190000.0","943633000.0","/opt/auswertung/Raw/bench_iperf_dauer/default/default/iperf/10/repeat_1/iperf_tcp.txt"
"default","iperf","default","1","10","udp","1041990.0","-1.0","/opt/auswertung/Raw/bench_iperf_dauer/default/default/iperf/10/repeat_1/iperf_udp.txt"
"default","iperf","default","10","10","tcp","943644000.0","943562000.0","/opt/auswertung/Raw/bench_iperf_dauer/default/default/iperf/10/repeat_10/iperf_tcp.txt"
"default","iperf","default","10","10","udp","1042010.0","-1.0","/opt/auswertung/Raw/bench_iperf_dauer/default/default/iperf/10/repeat_10/iperf_udp.txt"
"default","iperf","default","11","10","tcp","943602000.0","943598000.0","/opt/auswertung/Raw/bench_iperf_dauer/default/default/iperf/10/repeat_11/iperf_tcp.txt"
"default","iperf","default","11","10","udp","1041990.0","-1.0","/opt/auswertung/Raw/bench_iperf_dauer/default/default/iperf/10/repeat_11/iperf_udp.txt"
"default","iperf","default","12","10","tcp","943345000.0","943343000.0","/opt/auswertung/Raw/bench_iperf_dauer/default/default/iperf/10/repeat_12/iperf_tcp.txt"
"default","iperf","default","12","10","udp","1042000.0","-1.0","/opt/auswertung/Raw/bench_iperf_dauer/default/default/iperf/10/repeat_12/iperf_udp.txt"
"default","iperf","default","13","10","tcp","943927000.0","943798000.0","/opt/auswertung/Raw/bench_iperf_dauer/default/default/iperf/10/repeat_13/iperf_tcp.txt"
"default","iperf","default","13","10","udp","1041990.0","-1.0","/opt/auswertung/Raw/bench_iperf_dauer/default/default/iperf/10/repeat_13/iperf_udp.txt"
"default","iperf","default","14","10","tcp","943277000.0","941896000.0","/opt/auswertung/Raw/bench_iperf_dauer/default/default/iperf/10/repeat_14/iperf_tcp.txt"
"default","iperf","default","14","10","udp","1042000.0","-1.0","/opt/auswertung/Raw/bench_iperf_dauer/default/default/iperf/10/repeat_14/iperf_udp.txt"
"default","iperf","default","15","10","tcp","944295000.0","943788000.0","/opt/auswertung/Raw/bench_iperf_dauer/default/default/iperf/10/repeat_15/iperf_tcp.txt"
"default","iperf","default","15","10","udp","1042000.0","-1.0","/opt/auswertung/Raw/bench_iperf_dauer/default/default/iperf/10/repeat_15/iperf_udp.txt"
"default","iperf","default","16","10","tcp","943331000.0","943327000.0","/opt/auswertung/Raw/bench_iperf_dauer/default/default/iperf/10/repeat_16/iperf_tcp.txt"
"default","iperf","default","16","10","udp","1042000.0","-1.0","/opt/auswertung/Raw/bench_iperf_dauer/default/default/iperf/10/repeat_16/iperf_udp.txt"
"default","iperf","default","17","10","tcp","944201000.0","943755000.0","/opt/auswertung/Raw/bench_iperf_dauer/default/default/iperf/10/repeat_17/iperf_tcp.txt"
"default","iperf","default","17","10","udp","1041990.0","-1.0","/opt/auswertung/Raw/bench_iperf_dauer/default/default/iperf/10/repeat_17/iperf_udp.txt"
"default","iperf","default","18","10","tcp","944123000.0","943824000.0","/opt/auswertung/Raw/bench_iperf_dauer/default/default/iperf/10/repeat_18/iperf_tcp.txt"
"default","iperf","default","18","10","udp","1042000.0","-1.0","/opt/auswertung/Raw/bench_iperf_dauer/default/default/iperf/10/repeat_18/iperf_udp.txt"
"default","iperf","default","19","10","tcp","944106000.0","943707000.0","/opt/auswertung/Raw/bench_iperf_dauer/default/default/iperf/10/repeat_19/iperf_tcp.txt"
"default","iperf","default","19","10","udp","1042000.0","-1.0","/opt/auswertung/Raw/bench_iperf_dauer/default/default/iperf/10/repeat_19/iperf_udp.txt"
"default","iperf","default","2","10","tcp","943940000.0","943746000.0","/opt/auswertung/Raw/bench_iperf_dauer/default/default/iperf/10/repeat_2/iperf_tcp.txt"
"default","iperf","default","2","10","udp","1042000.0","-1.0","/opt/auswertung/Raw/bench_iperf_dauer/default/default/iperf/10/repeat_2/iperf_udp.txt"
"default","iperf","default","20","10","tcp","944357000.0","943799000.0","/opt/auswertung/Raw/bench_iperf_dauer/default/default/iperf/10/repeat_20/iperf_tcp.txt"
"default","iperf","default","20","10","udp","1042010.0","-1.0","/opt/auswertung/Raw/bench_iperf_dauer/default/default/iperf/10/repeat_20/iperf_udp.txt"
"default","iperf","default","21","10","tcp","944380000.0","943718000.0","/opt/auswertung/Raw/bench_iperf_dauer/default/default/iperf/10/repeat_21/iperf_tcp.txt"
"default","iperf","default","21","10","udp","1041990.0","-1.0","/opt/auswertung/Raw/bench_iperf_dauer/default/default/iperf/10/repeat_21/iperf_udp.txt"
"default","iperf","default","22","10","tcp","944222000.0","943724000.0","/opt/auswertung/Raw/bench_iperf_dauer/default/default/iperf/10/repeat_22/iperf_tcp.txt"
"default","iperf","default","22","10","udp","1041990.0","-1.0","/opt/auswertung/Raw/bench_iperf_dauer/default/default/iperf/10/repeat_22/iperf_udp.txt"
"default","iperf","default","23","10","tcp","943334000.0","943330000.0","/opt/auswertung/Raw/bench_iperf_dauer/default/default/iperf/10/repeat_23/iperf_tcp.txt"
"default","iperf","default","23","10","udp","1042000.0","-1.0","/opt/auswertung/Raw/bench_iperf_dauer/default/default/iperf/10/repeat_23/iperf_udp.txt"
"default","iperf","default","24","10","tcp","943843000.0","943604000.0","/opt/auswertung/Raw/bench_iperf_dauer/default/default/iperf/10/repeat_24/iperf_tcp.txt"
"default","iperf","default","24","10","udp","1042000.0","-1.0","/opt/auswertung/Raw/bench_iperf_dauer/default/default/iperf/10/repeat_24/iperf_udp.txt"
"default","iperf","default","25","10","tcp","943615000.0","943611000.0","/opt/auswertung/Raw/bench_iperf_dauer/default/default/iperf/10/repeat_25/iperf_tcp.txt"
"default","iperf","default","25","10","udp","1042000.0","-1.0","/opt/auswertung/Raw/bench_iperf_dauer/default/default/iperf/10/repeat_25/iperf_udp.txt"
"default","iperf","default","26","10","tcp","944091000.0","943847000.0","/opt/auswertung/Raw/bench_iperf_dauer/default/default/iperf/10/repeat_26/iperf_tcp.txt"
"default","iperf","default","26","10","udp","1042000.0","-1.0","/opt/auswertung/Raw/bench_iperf_dauer/default/default/iperf/10/repeat_26/iperf_udp.txt"
"default","iperf","default","27","10","tcp","943858000.0","943721000.0","/opt/auswertung/Raw/bench_iperf_dauer/default/default/iperf/10/repeat_27/iperf_tcp.txt"
"default","iperf","default","27","10","udp","1041990.0","-1.0","/opt/auswertung/Raw/bench_iperf_dauer/default/default/iperf/10/repeat_27/iperf_udp.txt"
"default","iperf","default","28","10","tcp","944382000.0","943728000.0","/opt/auswertung/Raw/bench_iperf_dauer/default/default/iperf/10/repeat_28/iperf_tcp.txt"
"default","iperf","default","28","10","udp","1041990.0","-1.0","/opt/auswertung/Raw/bench_iperf_dauer/default/default/iperf/10/repeat_28/iperf_udp.txt"
"default","iperf","default","29","10","tcp","944299000.0","943844000.0","/opt/auswertung/Raw/bench_iperf_dauer/default/default/iperf/10/repeat_29/iperf_tcp.txt"
"default","iperf","default","29","10","udp","1042000.0","-1.0","/opt/auswertung/Raw/bench_iperf_dauer/default/default/iperf/10/repeat_29/iperf_udp.txt"
"default","iperf","default","3","10","tcp","941262000.0","939495000.0","/opt/auswertung/Raw/bench_iperf_dauer/default/default/iperf/10/repeat_3/iperf_tcp.txt"
"default","iperf","default","3","10","udp","1041990.0","-1.0","/opt/auswertung/Raw/bench_iperf_dauer/default/default/iperf/10/repeat_3/iperf_udp.txt"
"default","iperf","default","30","10","tcp","944445000.0","943788000.0","/opt/auswertung/Raw/bench_iperf_dauer/default/default/iperf/10/repeat_30/iperf_tcp.txt"
"default","iperf","default","30","10","udp","1042000.0","-1.0","/opt/auswertung/Raw/bench_iperf_dauer/default/default/iperf/10/repeat_30/iperf_udp.txt"
"default","iperf","default","31","10","tcp","944370000.0","943815000.0","/opt/auswertung/Raw/bench_iperf_dauer/default/default/iperf/10/repeat_31/iperf_tcp.txt"
"default","iperf","default","31","10","udp","1042010.0","-1.0","/opt/auswertung/Raw/bench_iperf_dauer/default/default/iperf/10/repeat_31/iperf_udp.txt"
"default","iperf","default","32","10","tcp","943988000.0","943694000.0","/opt/auswertung/Raw/bench_iperf_dauer/default/default/iperf/10/repeat_32/iperf_tcp.txt"
"default","iperf","default","32","10","udp","1042000.0","-1.0","/opt/auswertung/Raw/bench_iperf_dauer/default/default/iperf/10/repeat_32/iperf_udp.txt"
"default","iperf","default","33","10","tcp","943431000.0","942023000.0","/opt/auswertung/Raw/bench_iperf_dauer/default/default/iperf/10/repeat_33/iperf_tcp.txt"
"default","iperf","default","33","10","udp","1041990.0","-1.0","/opt/auswertung/Raw/bench_iperf_dauer/default/default/iperf/10/repeat_33/iperf_udp.txt"
"default","iperf","default","34","10","tcp","944247000.0","943743000.0","/opt/auswertung/Raw/bench_iperf_dauer/default/default/iperf/10/repeat_34/iperf_tcp.txt"
"default","iperf","default","34","10","udp","1041990.0","-1.0","/opt/auswertung/Raw/bench_iperf_dauer/default/default/iperf/10/repeat_34/iperf_udp.txt"
"default","iperf","default","35","10","tcp","943539000.0","943534000.0","/opt/auswertung/Raw/bench_iperf_dauer/default/default/iperf/10/repeat_35/iperf_tcp.txt"
"default","iperf","default","35","10","udp","1041990.0","-1.0","/opt/auswertung/Raw/bench_iperf_dauer/default/default/iperf/10/repeat_35/iperf_udp.txt"
"default","iperf","default","4","10","tcp","944119000.0","943405000.0","/opt/auswertung/Raw/bench_iperf_dauer/default/default/iperf/10/repeat_4/iperf_tcp.txt"
"default","iperf","default","4","10","udp","1042000.0","-1.0","/opt/auswertung/Raw/bench_iperf_dauer/default/default/iperf/10/repeat_4/iperf_udp.txt"
"default","iperf","default","5","10","tcp","944464000.0","943756000.0","/opt/auswertung/Raw/bench_iperf_dauer/default/default/iperf/10/repeat_5/iperf_tcp.txt"
"default","iperf","default","5","10","udp","1042000.0","-1.0","/opt/auswertung/Raw/bench_iperf_dauer/default/default/iperf/10/repeat_5/iperf_udp.txt"
"default","iperf","default","6","10","tcp","943331000.0","943328000.0","/opt/auswertung/Raw/bench_iperf_dauer/default/default/iperf/10/repeat_6/iperf_tcp.txt"
"default","iperf","default","6","10","udp","1042000.0","-1.0","/opt/auswertung/Raw/bench_iperf_dauer/default/default/iperf/10/repeat_6/iperf_udp.txt"
"default","iperf","default","7","10","tcp","944187000.0","943792000.0","/opt/auswertung/Raw/bench_iperf_dauer/default/default/iperf/10/repeat_7/iperf_tcp.txt"
"default","iperf","default","7","10","udp","1042000.0","-1.0","/opt/auswertung/Raw/bench_iperf_dauer/default/default/iperf/10/repeat_7/iperf_udp.txt"
"default","iperf","default","8","10","tcp","944138000.0","943531000.0","/opt/auswertung/Raw/bench_iperf_dauer/default/default/iperf/10/repeat_8/iperf_tcp.txt"
"default","iperf","default","8","10","udp","1042000.0","-1.0","/opt/auswertung/Raw/bench_iperf_dauer/default/default/iperf/10/repeat_8/iperf_udp.txt"
"default","iperf","default","9","10","tcp","944112000.0","943612000.0","/opt/auswertung/Raw/bench_iperf_dauer/default/default/iperf/10/repeat_9/iperf_tcp.txt"
"default","iperf","default","9","10","udp","1041990.0","-1.0","/opt/auswertung/Raw/bench_iperf_dauer/default/default/iperf/10/repeat_9/iperf_udp.txt"
"default","iperf","default","1","120","tcp","941594000.0","941594000.0","/opt/auswertung/Raw/bench_iperf_dauer/default/default/iperf/120/repeat_1/iperf_tcp.txt"
"default","iperf","default","1","120","udp","1048030.0","-1.0","/opt/auswertung/Raw/bench_iperf_dauer/default/default/iperf/120/repeat_1/iperf_udp.txt"
"default","iperf","default","10","120","tcp","941598000.0","941586000.0","/opt/auswertung/Raw/bench_iperf_dauer/default/default/iperf/120/repeat_10/iperf_tcp.txt"
"default","iperf","default","10","120","udp","1048030.0","-1.0","/opt/auswertung/Raw/bench_iperf_dauer/default/default/iperf/120/repeat_10/iperf_udp.txt"
"default","iperf","default","11","120","tcp","941591000.0","941589000.0","/opt/auswertung/Raw/bench_iperf_dauer/default/default/iperf/120/repeat_11/iperf_tcp.txt"
"default","iperf","default","11","120","udp","1048030.0","-1.0","/opt/auswertung/Raw/bench_iperf_dauer/default/default/iperf/120/repeat_11/iperf_udp.txt"
"default","iperf","default","12","120","tcp","941604000.0","941604000.0","/opt/auswertung/Raw/bench_iperf_dauer/default/default/iperf/120/repeat_12/iperf_tcp.txt"
"default","iperf","default","12","120","udp","1048030.0","-1.0","/opt/auswertung/Raw/bench_iperf_dauer/default/default/iperf/120/repeat_12/iperf_udp.txt"
"default","iperf","default","13","120","tcp","941589000.0","941589000.0","/opt/auswertung/Raw/bench_iperf_dauer/default/default/iperf/120/repeat_13/iperf_tcp.txt"
"default","iperf","default","13","120","udp","1048030.0","-1.0","/opt/auswertung/Raw/bench_iperf_dauer/default/default/iperf/120/repeat_13/iperf_udp.txt"
"default","iperf","default","14","120","tcp","941580000.0","941573000.0","/opt/auswertung/Raw/bench_iperf_dauer/default/default/iperf/120/repeat_14/iperf_tcp.txt"
"default","iperf","default","14","120","udp","1048030.0","-1.0","/opt/auswertung/Raw/bench_iperf_dauer/default/default/iperf/120/repeat_14/iperf_udp.txt"
"default","iperf","default","15","120","tcp","941639000.0","941619000.0","/opt/auswertung/Raw/bench_iperf_dauer/default/default/iperf/120/repeat_15/iperf_tcp.txt"
"default","iperf","default","15","120","udp","1048030.0","-1.0","/opt/auswertung/Raw/bench_iperf_dauer/default/default/iperf/120/repeat_15/iperf_udp.txt"
"default","iperf","default","16","120","tcp","941606000.0","941595000.0","/opt/auswertung/Raw/bench_iperf_dauer/default/default/iperf/120/repeat_16/iperf_tcp.txt"
"default","iperf","default","16","120","udp","1048030.0","-1.0","/opt/auswertung/Raw/bench_iperf_dauer/default/default/iperf/120/repeat_16/iperf_udp.txt"
"default","iperf","default","17","120","tcp","941569000.0","941569000.0","/opt/auswertung/Raw/bench_iperf_dauer/default/default/iperf/120/repeat_17/iperf_tcp.txt"
"default","iperf","default","17","120","udp","1048030.0","-1.0","/opt/auswertung/Raw/bench_iperf_dauer/default/default/iperf/120/repeat_17/iperf_udp.txt"
"default","iperf","default","18","120","tcp","941638000.0","941610000.0","/opt/auswertung/Raw/bench_iperf_dauer/default/default/iperf/120/repeat_18/iperf_tcp.txt"
"default","iperf","default","18","120","udp","1048030.0","-1.0","/opt/auswertung/Raw/bench_iperf_dauer/default/default/iperf/120/repeat_18/iperf_udp.txt"
"default","iperf","default","19","120","tcp","941583000.0","941583000.0","/opt/auswertung/Raw/bench_iperf_dauer/default/default/iperf/120/repeat_19/iperf_tcp.txt"
"default","iperf","default","19","120","udp","1048030.0","-1.0","/opt/auswertung/Raw/bench_iperf_dauer/default/default/iperf/120/repeat_19/iperf_udp.txt"
"default","iperf","default","2","120","tcp","941588000.0","941586000.0","/opt/auswertung/Raw/bench_iperf_dauer/default/default/iperf/120/repeat_2/iperf_tcp.txt"
"default","iperf","default","2","120","udp","1048030.0","-1.0","/opt/auswertung/Raw/bench_iperf_dauer/default/default/iperf/120/repeat_2/iperf_udp.txt"
"default","iperf","default","20","120","tcp","941587000.0","941587000.0","/opt/auswertung/Raw/bench_iperf_dauer/default/default/iperf/120/repeat_20/iperf_tcp.txt"
"default","iperf","default","20","120","udp","1048030.0","-1.0","/opt/auswertung/Raw/bench_iperf_dauer/default/default/iperf/120/repeat_20/iperf_udp.txt"
"default","iperf","default","21","120","tcp","941570000.0","941569000.0","/opt/auswertung/Raw/bench_iperf_dauer/default/default/iperf/120/repeat_21/iperf_tcp.txt"
"default","iperf","default","21","120","udp","1048030.0","-1.0","/opt/auswertung/Raw/bench_iperf_dauer/default/default/iperf/120/repeat_21/iperf_udp.txt"
"default","iperf","default","22","120","tcp","941613000.0","941610000.0","/opt/auswertung/Raw/bench_iperf_dauer/default/default/iperf/120/repeat_22/iperf_tcp.txt"
"default","iperf","default","22","120","udp","1048030.0","-1.0","/opt/auswertung/Raw/bench_iperf_dauer/default/default/iperf/120/repeat_22/iperf_udp.txt"
"default","iperf","default","23","120","tcp","941589000.0","941578000.0","/opt/auswertung/Raw/bench_iperf_dauer/default/default/iperf/120/repeat_23/iperf_tcp.txt"
"default","iperf","default","23","120","udp","1048030.0","-1.0","/opt/auswertung/Raw/bench_iperf_dauer/default/default/iperf/120/repeat_23/iperf_udp.txt"
"default","iperf","default","24","120","tcp","941587000.0","941584000.0","/opt/auswertung/Raw/bench_iperf_dauer/default/default/iperf/120/repeat_24/iperf_tcp.txt"
"default","iperf","default","24","120","udp","1048030.0","-1.0","/opt/auswertung/Raw/bench_iperf_dauer/default/default/iperf/120/repeat_24/iperf_udp.txt"
"default","iperf","default","25","120","tcp","941578000.0","941578000.0","/opt/auswertung/Raw/bench_iperf_dauer/default/default/iperf/120/repeat_25/iperf_tcp.txt"
"default","iperf","default","25","120","udp","1048030.0","-1.0","/opt/auswertung/Raw/bench_iperf_dauer/default/default/iperf/120/repeat_25/iperf_udp.txt"
"default","iperf","default","26","120","tcp","941593000.0","941585000.0","/opt/auswertung/Raw/bench_iperf_dauer/default/default/iperf/120/repeat_26/iperf_tcp.txt"
"default","iperf","default","26","120","udp","1048030.0","-1.0","/opt/auswertung/Raw/bench_iperf_dauer/default/default/iperf/120/repeat_26/iperf_udp.txt"
"default","iperf","default","27","120","tcp","941589000.0","941589000.0","/opt/auswertung/Raw/bench_iperf_dauer/default/default/iperf/120/repeat_27/iperf_tcp.txt"
"default","iperf","default","27","120","udp","1048030.0","-1.0","/opt/auswertung/Raw/bench_iperf_dauer/default/default/iperf/120/repeat_27/iperf_udp.txt"
"default","iperf","default","28","120","tcp","941598000.0","941591000.0","/opt/auswertung/Raw/bench_iperf_dauer/default/default/iperf/120/repeat_28/iperf_tcp.txt"
"default","iperf","default","28","120","udp","1048030.0","-1.0","/opt/auswertung/Raw/bench_iperf_dauer/default/default/iperf/120/repeat_28/iperf_udp.txt"
"default","iperf","default","29","120","tcp","941635000.0","941606000.0","/opt/auswertung/Raw/bench_iperf_dauer/default/default/iperf/120/repeat_29/iperf_tcp.txt"
"default","iperf","default","29","120","udp","1048030.0","-1.0","/opt/auswertung/Raw/bench_iperf_dauer/default/default/iperf/120/repeat_29/iperf_udp.txt"
"default","iperf","default","3","120","tcp","941606000.0","941570000.0","/opt/auswertung/Raw/bench_iperf_dauer/default/default/iperf/120/repeat_3/iperf_tcp.txt"
"default","iperf","default","3","120","udp","1048030.0","-1.0","/opt/auswertung/Raw/bench_iperf_dauer/default/default/iperf/120/repeat_3/iperf_udp.txt"
"default","iperf","default","30","120","tcp","941589000.0","941589000.0","/opt/auswertung/Raw/bench_iperf_dauer/default/default/iperf/120/repeat_30/iperf_tcp.txt"
"default","iperf","default","30","120","udp","1048030.0","-1.0","/opt/auswertung/Raw/bench_iperf_dauer/default/default/iperf/120/repeat_30/iperf_udp.txt"
"default","iperf","default","31","120","tcp","941589000.0","941589000.0","/opt/auswertung/Raw/bench_iperf_dauer/default/default/iperf/120/repeat_31/iperf_tcp.txt"
"default","iperf","default","31","120","udp","1048030.0","-1.0","/opt/auswertung/Raw/bench_iperf_dauer/default/default/iperf/120/repeat_31/iperf_udp.txt"
"default","iperf","default","32","120","tcp","941595000.0","941595000.0","/opt/auswertung/Raw/bench_iperf_dauer/default/default/iperf/120/repeat_32/iperf_tcp.txt"
"default","iperf","default","32","120","udp","1048030.0","-1.0","/opt/auswertung/Raw/bench_iperf_dauer/default/default/iperf/120/repeat_32/iperf_udp.txt"
"default","iperf","default","33","120","tcp","941646000.0","941596000.0","/opt/auswertung/Raw/bench_iperf_dauer/default/default/iperf/120/repeat_33/iperf_tcp.txt"
"default","iperf","default","33","120","udp","1048030.0","-1.0","/opt/auswertung/Raw/bench_iperf_dauer/default/default/iperf/120/repeat_33/iperf_udp.txt"
"default","iperf","default","34","120","tcp","941641000.0","941629000.0","/opt/auswertung/Raw/bench_iperf_dauer/default/default/iperf/120/repeat_34/iperf_tcp.txt"
"default","iperf","default","34","120","udp","1048030.0","-1.0","/opt/auswertung/Raw/bench_iperf_dauer/default/default/iperf/120/repeat_34/iperf_udp.txt"
"default","iperf","default","35","120","tcp","941664000.0","941618000.0","/opt/auswertung/Raw/bench_iperf_dauer/default/default/iperf/120/repeat_35/iperf_tcp.txt"
"default","iperf","default","35","120","udp","1048030.0","-1.0","/opt/auswertung/Raw/bench_iperf_dauer/default/default/iperf/120/repeat_35/iperf_udp.txt"
"default","iperf","default","4","120","tcp","941593000.0","941593000.0","/opt/auswertung/Raw/bench_iperf_dauer/default/default/iperf/120/repeat_4/iperf_tcp.txt"
"default","iperf","default","4","120","udp","1048030.0","-1.0","/opt/auswertung/Raw/bench_iperf_dauer/default/default/iperf/120/repeat_4/iperf_udp.txt"
"default","iperf","default","5","120","tcp","941573000.0","941573000.0","/opt/auswertung/Raw/bench_iperf_dauer/default/default/iperf/120/repeat_5/iperf_tcp.txt"
"default","iperf","default","5","120","udp","1048030.0","-1.0","/opt/auswertung/Raw/bench_iperf_dauer/default/default/iperf/120/repeat_5/iperf_udp.txt"
"default","iperf","default","6","120","tcp","941587000.0","941587000.0","/opt/auswertung/Raw/bench_iperf_dauer/default/default/iperf/120/repeat_6/iperf_tcp.txt"
"default","iperf","default","6","120","udp","1048030.0","-1.0","/opt/auswertung/Raw/bench_iperf_dauer/default/default/iperf/120/repeat_6/iperf_udp.txt"
"default","iperf","default","7","120","tcp","941584000.0","941583000.0","/opt/auswertung/Raw/bench_iperf_dauer/default/default/iperf/120/repeat_7/iperf_tcp.txt"
"default","iperf","default","7","120","udp","1048030.0","-1.0","/opt/auswertung/Raw/bench_iperf_dauer/default/default/iperf/120/repeat_7/iperf_udp.txt"
"default","iperf","default","8","120","tcp","941600000.0","941580000.0","/opt/auswertung/Raw/bench_iperf_dauer/default/default/iperf/120/repeat_8/iperf_tcp.txt"
"default","iperf","default","8","120","udp","1048030.0","-1.0","/opt/auswertung/Raw/bench_iperf_dauer/default/default/iperf/120/repeat_8/iperf_udp.txt"
"default","iperf","default","9","120","tcp","941627000.0","941585000.0","/opt/auswertung/Raw/bench_iperf_dauer/default/default/iperf/120/repeat_9/iperf_tcp.txt"
"default","iperf","default","9","120","udp","1048030.0","-1.0","/opt/auswertung/Raw/bench_iperf_dauer/default/default/iperf/120/repeat_9/iperf_udp.txt"
"default","iperf","default","1","240","tcp","941509000.0","941503000.0","/opt/auswertung/Raw/bench_iperf_dauer/default/default/iperf/240/repeat_1/iperf_tcp.txt"
"default","iperf","default","1","240","udp","1048300.0","-1.0","/opt/auswertung/Raw/bench_iperf_dauer/default/default/iperf/240/repeat_1/iperf_udp.txt"
"default","iperf","default","10","240","tcp","941532000.0","941504000.0","/opt/auswertung/Raw/bench_iperf_dauer/default/default/iperf/240/repeat_10/iperf_tcp.txt"
"default","iperf","default","10","240","udp","1048300.0","-1.0","/opt/auswertung/Raw/bench_iperf_dauer/default/default/iperf/240/repeat_10/iperf_udp.txt"
"default","iperf","default","11","240","tcp","941509000.0","941509000.0","/opt/auswertung/Raw/bench_iperf_dauer/default/default/iperf/240/repeat_11/iperf_tcp.txt"
"default","iperf","default","11","240","udp","1048300.0","-1.0","/opt/auswertung/Raw/bench_iperf_dauer/default/default/iperf/240/repeat_11/iperf_udp.txt"
"default","iperf","default","12","240","tcp","941487000.0","941487000.0","/opt/auswertung/Raw/bench_iperf_dauer/default/default/iperf/240/repeat_12/iperf_tcp.txt"
"default","iperf","default","12","240","udp","1048300.0","-1.0","/opt/auswertung/Raw/bench_iperf_dauer/default/default/iperf/240/repeat_12/iperf_udp.txt"
"default","iperf","default","13","240","tcp","941514000.0","941506000.0","/opt/auswertung/Raw/bench_iperf_dauer/default/default/iperf/240/repeat_13/iperf_tcp.txt"
"default","iperf","default","13","240","udp","1048300.0","-1.0","/opt/auswertung/Raw/bench_iperf_dauer/default/default/iperf/240/repeat_13/iperf_udp.txt"
"default","iperf","default","14","240","tcp","941517000.0","941501000.0","/opt/auswertung/Raw/bench_iperf_dauer/default/default/iperf/240/repeat_14/iperf_tcp.txt"
"default","iperf","default","14","240","udp","1048300.0","-1.0","/opt/auswertung/Raw/bench_iperf_dauer/default/default/iperf/240/repeat_14/iperf_udp.txt"
"default","iperf","default","15","240","tcp","941514000.0","941513000.0","/opt/auswertung/Raw/bench_iperf_dauer/default/default/iperf/240/repeat_15/iperf_tcp.txt"
"default","iperf","default","15","240","udp","1048300.0","-1.0","/opt/auswertung/Raw/bench_iperf_dauer/default/default/iperf/240/repeat_15/iperf_udp.txt"
"default","iperf","default","16","240","tcp","941501000.0","941500000.0","/opt/auswertung/Raw/bench_iperf_dauer/default/default/iperf/240/repeat_16/iperf_tcp.txt"
"default","iperf","default","16","240","udp","1048300.0","-1.0","/opt/auswertung/Raw/bench_iperf_dauer/default/default/iperf/240/repeat_16/iperf_udp.txt"
"default","iperf","default","17","240","tcp","941524000.0","941499000.0","/opt/auswertung/Raw/bench_iperf_dauer/default/default/iperf/240/repeat_17/iperf_tcp.txt"
"default","iperf","default","17","240","udp","1048300.0","-1.0","/opt/auswertung/Raw/bench_iperf_dauer/default/default/iperf/240/repeat_17/iperf_udp.txt"
"default","iperf","default","18","240","tcp","941518000.0","941499000.0","/opt/auswertung/Raw/bench_iperf_dauer/default/default/iperf/240/repeat_18/iperf_tcp.txt"
"default","iperf","default","18","240","udp","1048300.0","-1.0","/opt/auswertung/Raw/bench_iperf_dauer/default/default/iperf/240/repeat_18/iperf_udp.txt"
"default","iperf","default","19","240","tcp","945367000.0","945361000.0","/opt/auswertung/Raw/bench_iperf_dauer/default/default/iperf/240/repeat_19/iperf_tcp.txt"
"default","iperf","default","19","240","udp","1048300.0","-1.0","/opt/auswertung/Raw/bench_iperf_dauer/default/default/iperf/240/repeat_19/iperf_udp.txt"
"default","iperf","default","2","240","tcp","941475000.0","941465000.0","/opt/auswertung/Raw/bench_iperf_dauer/default/default/iperf/240/repeat_2/iperf_tcp.txt"
"default","iperf","default","2","240","udp","1048300.0","-1.0","/opt/auswertung/Raw/bench_iperf_dauer/default/default/iperf/240/repeat_2/iperf_udp.txt"
"default","iperf","default","20","240","tcp","941513000.0","941500000.0","/opt/auswertung/Raw/bench_iperf_dauer/default/default/iperf/240/repeat_20/iperf_tcp.txt"
"default","iperf","default","20","240","udp","1048300.0","-1.0","/opt/auswertung/Raw/bench_iperf_dauer/default/default/iperf/240/repeat_20/iperf_udp.txt"
"default","iperf","default","21","240","tcp","941510000.0","941509000.0","/opt/auswertung/Raw/bench_iperf_dauer/default/default/iperf/240/repeat_21/iperf_tcp.txt"
"default","iperf","default","21","240","udp","1048300.0","-1.0","/opt/auswertung/Raw/bench_iperf_dauer/default/default/iperf/240/repeat_21/iperf_udp.txt"
"default","iperf","default","22","240","tcp","941511000.0","941497000.0","/opt/auswertung/Raw/bench_iperf_dauer/default/default/iperf/240/repeat_22/iperf_tcp.txt"
"default","iperf","default","22","240","udp","1048300.0","-1.0","/opt/auswertung/Raw/bench_iperf_dauer/default/default/iperf/240/repeat_22/iperf_udp.txt"
"default","iperf","default","23","240","tcp","941500000.0","941492000.0","/opt/auswertung/Raw/bench_iperf_dauer/default/default/iperf/240/repeat_23/iperf_tcp.txt"
"default","iperf","default","23","240","udp","1048300.0","-1.0","/opt/auswertung/Raw/bench_iperf_dauer/default/default/iperf/240/repeat_23/iperf_udp.txt"
"default","iperf","default","24","240","tcp","941515000.0","941485000.0","/opt/auswertung/Raw/bench_iperf_dauer/default/default/iperf/240/repeat_24/iperf_tcp.txt"
"default","iperf","default","24","240","udp","1048300.0","-1.0","/opt/auswertung/Raw/bench_iperf_dauer/default/default/iperf/240/repeat_24/iperf_udp.txt"
"default","iperf","default","25","240","tcp","941506000.0","941505000.0","/opt/auswertung/Raw/bench_iperf_dauer/default/default/iperf/240/repeat_25/iperf_tcp.txt"
"default","iperf","default","25","240","udp","1048300.0","-1.0","/opt/auswertung/Raw/bench_iperf_dauer/default/default/iperf/240/repeat_25/iperf_udp.txt"
"default","iperf","default","26","240","tcp","941508000.0","941504000.0","/opt/auswertung/Raw/bench_iperf_dauer/default/default/iperf/240/repeat_26/iperf_tcp.txt"
"default","iperf","default","26","240","udp","1048300.0","-1.0","/opt/auswertung/Raw/bench_iperf_dauer/default/default/iperf/240/repeat_26/iperf_udp.txt"
"default","iperf","default","27","240","tcp","941473000.0","941473000.0","/opt/auswertung/Raw/bench_iperf_dauer/default/default/iperf/240/repeat_27/iperf_tcp.txt"
"default","iperf","default","27","240","udp","1048300.0","-1.0","/opt/auswertung/Raw/bench_iperf_dauer/default/default/iperf/240/repeat_27/iperf_udp.txt"
"default","iperf","default","28","240","tcp","941484000.0","941484000.0","/opt/auswertung/Raw/bench_iperf_dauer/default/default/iperf/240/repeat_28/iperf_tcp.txt"
"default","iperf","default","28","240","udp","1048300.0","-1.0","/opt/auswertung/Raw/bench_iperf_dauer/default/default/iperf/240/repeat_28/iperf_udp.txt"
"default","iperf","default","29","240","tcp","941519000.0","941491000.0","/opt/auswertung/Raw/bench_iperf_dauer/default/default/iperf/240/repeat_29/iperf_tcp.txt"
"default","iperf","default","29","240","udp","1048300.0","-1.0","/opt/auswertung/Raw/bench_iperf_dauer/default/default/iperf/240/repeat_29/iperf_udp.txt"
"default","iperf","default","3","240","tcp","941538000.0","941511000.0","/opt/auswertung/Raw/bench_iperf_dauer/default/default/iperf/240/repeat_3/iperf_tcp.txt"
"default","iperf","default","3","240","udp","1048300.0","-1.0","/opt/auswertung/Raw/bench_iperf_dauer/default/default/iperf/240/repeat_3/iperf_udp.txt"
"default","iperf","default","30","240","tcp","941513000.0","941496000.0","/opt/auswertung/Raw/bench_iperf_dauer/default/default/iperf/240/repeat_30/iperf_tcp.txt"
"default","iperf","default","30","240","udp","1048300.0","-1.0","/opt/auswertung/Raw/bench_iperf_dauer/default/default/iperf/240/repeat_30/iperf_udp.txt"
"default","iperf","default","31","240","tcp","941494000.0","941494000.0","/opt/auswertung/Raw/bench_iperf_dauer/default/default/iperf/240/repeat_31/iperf_tcp.txt"
"default","iperf","default","31","240","udp","1048300.0","-1.0","/opt/auswertung/Raw/bench_iperf_dauer/default/default/iperf/240/repeat_31/iperf_udp.txt"
"default","iperf","default","32","240","tcp","941518000.0","941501000.0","/opt/auswertung/Raw/bench_iperf_dauer/default/default/iperf/240/repeat_32/iperf_tcp.txt"
"default","iperf","default","32","240","udp","1048300.0","-1.0","/opt/auswertung/Raw/bench_iperf_dauer/default/default/iperf/240/repeat_32/iperf_udp.txt"
"default","iperf","default","33","240","tcp","941510000.0","941498000.0","/opt/auswertung/Raw/bench_iperf_dauer/default/default/iperf/240/repeat_33/iperf_tcp.txt"
"default","iperf","default","33","240","udp","1048300.0","-1.0","/opt/auswertung/Raw/bench_iperf_dauer/default/default/iperf/240/repeat_33/iperf_udp.txt"
"default","iperf","default","34","240","tcp","941505000.0","941505000.0","/opt/auswertung/Raw/bench_iperf_dauer/default/default/iperf/240/repeat_34/iperf_tcp.txt"
"default","iperf","default","34","240","udp","1048300.0","-1.0","/opt/auswertung/Raw/bench_iperf_dauer/default/default/iperf/240/repeat_34/iperf_udp.txt"
"default","iperf","default","35","240","tcp","941529000.0","941501000.0","/opt/auswertung/Raw/bench_iperf_dauer/default/default/iperf/240/repeat_35/iperf_tcp.txt"
"default","iperf","default","35","240","udp","1048300.0","-1.0","/opt/auswertung/Raw/bench_iperf_dauer/default/default/iperf/240/repeat_35/iperf_udp.txt"
"default","iperf","default","4","240","tcp","941508000.0","941500000.0","/opt/auswertung/Raw/bench_iperf_dauer/default/default/iperf/240/repeat_4/iperf_tcp.txt"
"default","iperf","default","4","240","udp","1048300.0","-1.0","/opt/auswertung/Raw/bench_iperf_dauer/default/default/iperf/240/repeat_4/iperf_udp.txt"
"default","iperf","default","5","240","tcp","941489000.0","941489000.0","/opt/auswertung/Raw/bench_iperf_dauer/default/default/iperf/240/repeat_5/iperf_tcp.txt"
"default","iperf","default","5","240","udp","1048300.0","-1.0","/opt/auswertung/Raw/bench_iperf_dauer/default/default/iperf/240/repeat_5/iperf_udp.txt"
"default","iperf","default","6","240","tcp","941522000.0","941499000.0","/opt/auswertung/Raw/bench_iperf_dauer/default/default/iperf/240/repeat_6/iperf_tcp.txt"
"default","iperf","default","6","240","udp","1048300.0","-1.0","/opt/auswertung/Raw/bench_iperf_dauer/default/default/iperf/240/repeat_6/iperf_udp.txt"
"default","iperf","default","7","240","tcp","941504000.0","941504000.0","/opt/auswertung/Raw/bench_iperf_dauer/default/default/iperf/240/repeat_7/iperf_tcp.txt"
"default","iperf","default","7","240","udp","1048300.0","-1.0","/opt/auswertung/Raw/bench_iperf_dauer/default/default/iperf/240/repeat_7/iperf_udp.txt"
"default","iperf","default","8","240","tcp","941505000.0","941502000.0","/opt/auswertung/Raw/bench_iperf_dauer/default/default/iperf/240/repeat_8/iperf_tcp.txt"
"default","iperf","default","8","240","udp","1048300.0","-1.0","/opt/auswertung/Raw/bench_iperf_dauer/default/default/iperf/240/repeat_8/iperf_udp.txt"
"default","iperf","default","9","240","tcp","941518000.0","941490000.0","/opt/auswertung/Raw/bench_iperf_dauer/default/default/iperf/240/repeat_9/iperf_tcp.txt"
"default","iperf","default","9","240","udp","1048300.0","-1.0","/opt/auswertung/Raw/bench_iperf_dauer/default/default/iperf/240/repeat_9/iperf_udp.txt"
"default","iperf","default","1","30","tcp","942410000.0","942225000.0","/opt/auswertung/Raw/bench_iperf_dauer/default/default/iperf/30/repeat_1/iperf_tcp.txt"
"default","iperf","default","1","30","udp","1046380.0","-1.0","/opt/auswertung/Raw/bench_iperf_dauer/default/default/iperf/30/repeat_1/iperf_udp.txt"
"default","iperf","default","10","30","tcp","942460000.0","942241000.0","/opt/auswertung/Raw/bench_iperf_dauer/default/default/iperf/30/repeat_10/iperf_tcp.txt"
"default","iperf","default","10","30","udp","1046380.0","-1.0","/opt/auswertung/Raw/bench_iperf_dauer/default/default/iperf/30/repeat_10/iperf_udp.txt"
"default","iperf","default","11","30","tcp","942103000.0","942103000.0","/opt/auswertung/Raw/bench_iperf_dauer/default/default/iperf/30/repeat_11/iperf_tcp.txt"
"default","iperf","default","11","30","udp","1046380.0","-1.0","/opt/auswertung/Raw/bench_iperf_dauer/default/default/iperf/30/repeat_11/iperf_udp.txt"
"default","iperf","default","12","30","tcp","942381000.0","942232000.0","/opt/auswertung/Raw/bench_iperf_dauer/default/default/iperf/30/repeat_12/iperf_tcp.txt"
"default","iperf","default","12","30","udp","1046380.0","-1.0","/opt/auswertung/Raw/bench_iperf_dauer/default/default/iperf/30/repeat_12/iperf_udp.txt"
"default","iperf","default","13","30","tcp","942131000.0","942102000.0","/opt/auswertung/Raw/bench_iperf_dauer/default/default/iperf/30/repeat_13/iperf_tcp.txt"
"default","iperf","default","13","30","udp","1046380.0","-1.0","/opt/auswertung/Raw/bench_iperf_dauer/default/default/iperf/30/repeat_13/iperf_udp.txt"
"default","iperf","default","14","30","tcp","942269000.0","942207000.0","/opt/auswertung/Raw/bench_iperf_dauer/default/default/iperf/30/repeat_14/iperf_tcp.txt"
"default","iperf","default","14","30","udp","1046380.0","-1.0","/opt/auswertung/Raw/bench_iperf_dauer/default/default/iperf/30/repeat_14/iperf_udp.txt"
"default","iperf","default","15","30","tcp","942077000.0","942076000.0","/opt/auswertung/Raw/bench_iperf_dauer/default/default/iperf/30/repeat_15/iperf_tcp.txt"
"default","iperf","default","15","30","udp","1046380.0","-1.0","/opt/auswertung/Raw/bench_iperf_dauer/default/default/iperf/30/repeat_15/iperf_udp.txt"
"default","iperf","default","16","30","tcp","942136000.0","942136000.0","/opt/auswertung/Raw/bench_iperf_dauer/default/default/iperf/30/repeat_16/iperf_tcp.txt"
"default","iperf","default","16","30","udp","1046380.0","-1.0","/opt/auswertung/Raw/bench_iperf_dauer/default/default/iperf/30/repeat_16/iperf_udp.txt"
"default","iperf","default","17","30","tcp","942085000.0","942083000.0","/opt/auswertung/Raw/bench_iperf_dauer/default/default/iperf/30/repeat_17/iperf_tcp.txt"
"default","iperf","default","17","30","udp","1046380.0","-1.0","/opt/auswertung/Raw/bench_iperf_dauer/default/default/iperf/30/repeat_17/iperf_udp.txt"
"default","iperf","default","18","30","tcp","942398000.0","942229000.0","/opt/auswertung/Raw/bench_iperf_dauer/default/default/iperf/30/repeat_18/iperf_tcp.txt"
"default","iperf","default","18","30","udp","1046380.0","-1.0","/opt/auswertung/Raw/bench_iperf_dauer/default/default/iperf/30/repeat_18/iperf_udp.txt"
"default","iperf","default","19","30","tcp","942388000.0","942207000.0","/opt/auswertung/Raw/bench_iperf_dauer/default/default/iperf/30/repeat_19/iperf_tcp.txt"
"default","iperf","default","19","30","udp","1046380.0","-1.0","/opt/auswertung/Raw/bench_iperf_dauer/default/default/iperf/30/repeat_19/iperf_udp.txt"
"default","iperf","default","2","30","tcp","942191000.0","942146000.0","/opt/auswertung/Raw/bench_iperf_dauer/default/default/iperf/30/repeat_2/iperf_tcp.txt"
"default","iperf","default","2","30","udp","1046380.0","-1.0","/opt/auswertung/Raw/bench_iperf_dauer/default/default/iperf/30/repeat_2/iperf_udp.txt"
"default","iperf","default","20","30","tcp","942330000.0","942143000.0","/opt/auswertung/Raw/bench_iperf_dauer/default/default/iperf/30/repeat_20/iperf_tcp.txt"
"default","iperf","default","20","30","udp","1046380.0","-1.0","/opt/auswertung/Raw/bench_iperf_dauer/default/default/iperf/30/repeat_20/iperf_udp.txt"
"default","iperf","default","21","30","tcp","942203000.0","942141000.0","/opt/auswertung/Raw/bench_iperf_dauer/default/default/iperf/30/repeat_21/iperf_tcp.txt"
"default","iperf","default","21","30","udp","1046380.0","-1.0","/opt/auswertung/Raw/bench_iperf_dauer/default/default/iperf/30/repeat_21/iperf_udp.txt"
"default","iperf","default","22","30","tcp","942321000.0","942188000.0","/opt/auswertung/Raw/bench_iperf_dauer/default/default/iperf/30/repeat_22/iperf_tcp.txt"
"default","iperf","default","22","30","udp","1046380.0","-1.0","/opt/auswertung/Raw/bench_iperf_dauer/default/default/iperf/30/repeat_22/iperf_udp.txt"
"default","iperf","default","23","30","tcp","942330000.0","942216000.0","/opt/auswertung/Raw/bench_iperf_dauer/default/default/iperf/30/repeat_23/iperf_tcp.txt"
"default","iperf","default","23","30","udp","1046380.0","-1.0","/opt/auswertung/Raw/bench_iperf_dauer/default/default/iperf/30/repeat_23/iperf_udp.txt"
"default","iperf","default","24","30","tcp","942191000.0","942077000.0","/opt/auswertung/Raw/bench_iperf_dauer/default/default/iperf/30/repeat_24/iperf_tcp.txt"
"default","iperf","default","24","30","udp","1046380.0","-1.0","/opt/auswertung/Raw/bench_iperf_dauer/default/default/iperf/30/repeat_24/iperf_udp.txt"
"default","iperf","default","25","30","tcp","942191000.0","942127000.0","/opt/auswertung/Raw/bench_iperf_dauer/default/default/iperf/30/repeat_25/iperf_tcp.txt"
"default","iperf","default","25","30","udp","1046380.0","-1.0","/opt/auswertung/Raw/bench_iperf_dauer/default/default/iperf/30/repeat_25/iperf_udp.txt"
"default","iperf","default","26","30","tcp","942027000.0","942026000.0","/opt/auswertung/Raw/bench_iperf_dauer/default/default/iperf/30/repeat_26/iperf_tcp.txt"
"default","iperf","default","26","30","udp","1046380.0","-1.0","/opt/auswertung/Raw/bench_iperf_dauer/default/default/iperf/30/repeat_26/iperf_udp.txt"
"default","iperf","default","27","30","tcp","942321000.0","942173000.0","/opt/auswertung/Raw/bench_iperf_dauer/default/default/iperf/30/repeat_27/iperf_tcp.txt"
"default","iperf","default","27","30","udp","1046380.0","-1.0","/opt/auswertung/Raw/bench_iperf_dauer/default/default/iperf/30/repeat_27/iperf_udp.txt"
"default","iperf","default","28","30","tcp","942295000.0","942129000.0","/opt/auswertung/Raw/bench_iperf_dauer/default/default/iperf/30/repeat_28/iperf_tcp.txt"
"default","iperf","default","28","30","udp","1046380.0","-1.0","/opt/auswertung/Raw/bench_iperf_dauer/default/default/iperf/30/repeat_28/iperf_udp.txt"
"default","iperf","default","29","30","tcp","942365000.0","942129000.0","/opt/auswertung/Raw/bench_iperf_dauer/default/default/iperf/30/repeat_29/iperf_tcp.txt"
"default","iperf","default","29","30","udp","1046380.0","-1.0","/opt/auswertung/Raw/bench_iperf_dauer/default/default/iperf/30/repeat_29/iperf_udp.txt"
"default","iperf","default","3","30","tcp","942131000.0","942130000.0","/opt/auswertung/Raw/bench_iperf_dauer/default/default/iperf/30/repeat_3/iperf_tcp.txt"
"default","iperf","default","3","30","udp","1046380.0","-1.0","/opt/auswertung/Raw/bench_iperf_dauer/default/default/iperf/30/repeat_3/iperf_udp.txt"
"default","iperf","default","30","30","tcp","942232000.0","942206000.0","/opt/auswertung/Raw/bench_iperf_dauer/default/default/iperf/30/repeat_30/iperf_tcp.txt"
"default","iperf","default","30","30","udp","1046380.0","-1.0","/opt/auswertung/Raw/bench_iperf_dauer/default/default/iperf/30/repeat_30/iperf_udp.txt"
"default","iperf","default","31","30","tcp","942119000.0","942118000.0","/opt/auswertung/Raw/bench_iperf_dauer/default/default/iperf/30/repeat_31/iperf_tcp.txt"
"default","iperf","default","31","30","udp","1046380.0","-1.0","/opt/auswertung/Raw/bench_iperf_dauer/default/default/iperf/30/repeat_31/iperf_udp.txt"
"default","iperf","default","32","30","tcp","940642000.0","940642000.0","/opt/auswertung/Raw/bench_iperf_dauer/default/default/iperf/30/repeat_32/iperf_tcp.txt"
"default","iperf","default","32","30","udp","1046380.0","-1.0","/opt/auswertung/Raw/bench_iperf_dauer/default/default/iperf/30/repeat_32/iperf_udp.txt"
"default","iperf","default","33","30","tcp","942339000.0","942156000.0","/opt/auswertung/Raw/bench_iperf_dauer/default/default/iperf/30/repeat_33/iperf_tcp.txt"
"default","iperf","default","33","30","udp","1046380.0","-1.0","/opt/auswertung/Raw/bench_iperf_dauer/default/default/iperf/30/repeat_33/iperf_udp.txt"
"default","iperf","default","34","30","tcp","942165000.0","942153000.0","/opt/auswertung/Raw/bench_iperf_dauer/default/default/iperf/30/repeat_34/iperf_tcp.txt"
"default","iperf","default","34","30","udp","1046380.0","-1.0","/opt/auswertung/Raw/bench_iperf_dauer/default/default/iperf/30/repeat_34/iperf_udp.txt"
"default","iperf","default","35","30","tcp","942145000.0","942083000.0","/opt/auswertung/Raw/bench_iperf_dauer/default/default/iperf/30/repeat_35/iperf_tcp.txt"
"default","iperf","default","35","30","udp","1046380.0","-1.0","/opt/auswertung/Raw/bench_iperf_dauer/default/default/iperf/30/repeat_35/iperf_udp.txt"
"default","iperf","default","4","30","tcp","942151000.0","942088000.0","/opt/auswertung/Raw/bench_iperf_dauer/default/default/iperf/30/repeat_4/iperf_tcp.txt"
"default","iperf","default","4","30","udp","1046380.0","-1.0","/opt/auswertung/Raw/bench_iperf_dauer/default/default/iperf/30/repeat_4/iperf_udp.txt"
"default","iperf","default","5","30","tcp","942404000.0","942219000.0","/opt/auswertung/Raw/bench_iperf_dauer/default/default/iperf/30/repeat_5/iperf_tcp.txt"
"default","iperf","default","5","30","udp","1046380.0","-1.0","/opt/auswertung/Raw/bench_iperf_dauer/default/default/iperf/30/repeat_5/iperf_udp.txt"
"default","iperf","default","6","30","tcp","940399000.0","940398000.0","/opt/auswertung/Raw/bench_iperf_dauer/default/default/iperf/30/repeat_6/iperf_tcp.txt"
"default","iperf","default","6","30","udp","1046380.0","-1.0","/opt/auswertung/Raw/bench_iperf_dauer/default/default/iperf/30/repeat_6/iperf_udp.txt"
"default","iperf","default","7","30","tcp","942241000.0","942215000.0","/opt/auswertung/Raw/bench_iperf_dauer/default/default/iperf/30/repeat_7/iperf_tcp.txt"
"default","iperf","default","7","30","udp","1046380.0","-1.0","/opt/auswertung/Raw/bench_iperf_dauer/default/default/iperf/30/repeat_7/iperf_udp.txt"
"default","iperf","default","8","30","tcp","942226000.0","942110000.0","/opt/auswertung/Raw/bench_iperf_dauer/default/default/iperf/30/repeat_8/iperf_tcp.txt"
"default","iperf","default","8","30","udp","1046380.0","-1.0","/opt/auswertung/Raw/bench_iperf_dauer/default/default/iperf/30/repeat_8/iperf_udp.txt"
"default","iperf","default","9","30","tcp","942200000.0","942172000.0","/opt/auswertung/Raw/bench_iperf_dauer/default/default/iperf/30/repeat_9/iperf_tcp.txt"
"default","iperf","default","9","30","udp","1046380.0","-1.0","/opt/auswertung/Raw/bench_iperf_dauer/default/default/iperf/30/repeat_9/iperf_udp.txt"
"default","iperf","default","1","60","tcp","941784000.0","941779000.0","/opt/auswertung/Raw/bench_iperf_dauer/default/default/iperf/60/repeat_1/iperf_tcp.txt"
"default","iperf","default","1","60","udp","1047480.0","-1.0","/opt/auswertung/Raw/bench_iperf_dauer/default/default/iperf/60/repeat_1/iperf_udp.txt"
"default","iperf","default","10","60","tcp","941858000.0","941792000.0","/opt/auswertung/Raw/bench_iperf_dauer/default/default/iperf/60/repeat_10/iperf_tcp.txt"
"default","iperf","default","10","60","udp","1047480.0","-1.0","/opt/auswertung/Raw/bench_iperf_dauer/default/default/iperf/60/repeat_10/iperf_udp.txt"
"default","iperf","default","11","60","tcp","941766000.0","941765000.0","/opt/auswertung/Raw/bench_iperf_dauer/default/default/iperf/60/repeat_11/iperf_tcp.txt"
"default","iperf","default","11","60","udp","1047480.0","-1.0","/opt/auswertung/Raw/bench_iperf_dauer/default/default/iperf/60/repeat_11/iperf_udp.txt"
"default","iperf","default","12","60","tcp","941836000.0","941804000.0","/opt/auswertung/Raw/bench_iperf_dauer/default/default/iperf/60/repeat_12/iperf_tcp.txt"
"default","iperf","default","12","60","udp","1047480.0","-1.0","/opt/auswertung/Raw/bench_iperf_dauer/default/default/iperf/60/repeat_12/iperf_udp.txt"
"default","iperf","default","13","60","tcp","941904000.0","941787000.0","/opt/auswertung/Raw/bench_iperf_dauer/default/default/iperf/60/repeat_13/iperf_tcp.txt"
"default","iperf","default","13","60","udp","1047480.0","-1.0","/opt/auswertung/Raw/bench_iperf_dauer/default/default/iperf/60/repeat_13/iperf_udp.txt"
"default","iperf","default","14","60","tcp","941875000.0","941817000.0","/opt/auswertung/Raw/bench_iperf_dauer/default/default/iperf/60/repeat_14/iperf_tcp.txt"
"default","iperf","default","14","60","udp","1047480.0","-1.0","/opt/auswertung/Raw/bench_iperf_dauer/default/default/iperf/60/repeat_14/iperf_udp.txt"
"default","iperf","default","15","60","tcp","941879000.0","941770000.0","/opt/auswertung/Raw/bench_iperf_dauer/default/default/iperf/60/repeat_15/iperf_tcp.txt"
"default","iperf","default","15","60","udp","1047480.0","-1.0","/opt/auswertung/Raw/bench_iperf_dauer/default/default/iperf/60/repeat_15/iperf_udp.txt"
"default","iperf","default","16","60","tcp","941856000.0","941772000.0","/opt/auswertung/Raw/bench_iperf_dauer/default/default/iperf/60/repeat_16/iperf_tcp.txt"
"default","iperf","default","16","60","udp","1047480.0","-1.0","/opt/auswertung/Raw/bench_iperf_dauer/default/default/iperf/60/repeat_16/iperf_udp.txt"
"default","iperf","default","17","60","tcp","941749000.0","941748000.0","/opt/auswertung/Raw/bench_iperf_dauer/default/default/iperf/60/repeat_17/iperf_tcp.txt"
"default","iperf","default","17","60","udp","1047480.0","-1.0","/opt/auswertung/Raw/bench_iperf_dauer/default/default/iperf/60/repeat_17/iperf_udp.txt"
"default","iperf","default","18","60","tcp","941859000.0","941758000.0","/opt/auswertung/Raw/bench_iperf_dauer/default/default/iperf/60/repeat_18/iperf_tcp.txt"
"default","iperf","default","18","60","udp","1047480.0","-1.0","/opt/auswertung/Raw/bench_iperf_dauer/default/default/iperf/60/repeat_18/iperf_udp.txt"
"default","iperf","default","19","60","tcp","941744000.0","941744000.0","/opt/auswertung/Raw/bench_iperf_dauer/default/default/iperf/60/repeat_19/iperf_tcp.txt"
"default","iperf","default","19","60","udp","1047480.0","-1.0","/opt/auswertung/Raw/bench_iperf_dauer/default/default/iperf/60/repeat_19/iperf_udp.txt"
"default","iperf","default","2","60","tcp","941737000.0","941722000.0","/opt/auswertung/Raw/bench_iperf_dauer/default/default/iperf/60/repeat_2/iperf_tcp.txt"
"default","iperf","default","2","60","udp","1047480.0","-1.0","/opt/auswertung/Raw/bench_iperf_dauer/default/default/iperf/60/repeat_2/iperf_udp.txt"
"default","iperf","default","20","60","tcp","941815000.0","941814000.0","/opt/auswertung/Raw/bench_iperf_dauer/default/default/iperf/60/repeat_20/iperf_tcp.txt"
"default","iperf","default","20","60","udp","1047480.0","-1.0","/opt/auswertung/Raw/bench_iperf_dauer/default/default/iperf/60/repeat_20/iperf_udp.txt"
"default","iperf","default","21","60","tcp","941728000.0","941728000.0","/opt/auswertung/Raw/bench_iperf_dauer/default/default/iperf/60/repeat_21/iperf_tcp.txt"
"default","iperf","default","21","60","udp","1047480.0","-1.0","/opt/auswertung/Raw/bench_iperf_dauer/default/default/iperf/60/repeat_21/iperf_udp.txt"
"default","iperf","default","22","60","tcp","941892000.0","941774000.0","/opt/auswertung/Raw/bench_iperf_dauer/default/default/iperf/60/repeat_22/iperf_tcp.txt"
"default","iperf","default","22","60","udp","1047480.0","-1.0","/opt/auswertung/Raw/bench_iperf_dauer/default/default/iperf/60/repeat_22/iperf_udp.txt"
"default","iperf","default","23","60","tcp","941889000.0","941787000.0","/opt/auswertung/Raw/bench_iperf_dauer/default/default/iperf/60/repeat_23/iperf_tcp.txt"
"default","iperf","default","23","60","udp","1047480.0","-1.0","/opt/auswertung/Raw/bench_iperf_dauer/default/default/iperf/60/repeat_23/iperf_udp.txt"
"default","iperf","default","24","60","tcp","941871000.0","941797000.0","/opt/auswertung/Raw/bench_iperf_dauer/default/default/iperf/60/repeat_24/iperf_tcp.txt"
"default","iperf","default","24","60","udp","1047480.0","-1.0","/opt/auswertung/Raw/bench_iperf_dauer/default/default/iperf/60/repeat_24/iperf_udp.txt"
"default","iperf","default","25","60","tcp","941814000.0","941774000.0","/opt/auswertung/Raw/bench_iperf_dauer/default/default/iperf/60/repeat_25/iperf_tcp.txt"
"default","iperf","default","25","60","udp","1047480.0","-1.0","/opt/auswertung/Raw/bench_iperf_dauer/default/default/iperf/60/repeat_25/iperf_udp.txt"
"default","iperf","default","26","60","tcp","941783000.0","941782000.0","/opt/auswertung/Raw/bench_iperf_dauer/default/default/iperf/60/repeat_26/iperf_tcp.txt"
"default","iperf","default","26","60","udp","1047480.0","-1.0","/opt/auswertung/Raw/bench_iperf_dauer/default/default/iperf/60/repeat_26/iperf_udp.txt"
"default","iperf","default","27","60","tcp","941871000.0","941796000.0","/opt/auswertung/Raw/bench_iperf_dauer/default/default/iperf/60/repeat_27/iperf_tcp.txt"
"default","iperf","default","27","60","udp","1047480.0","-1.0","/opt/auswertung/Raw/bench_iperf_dauer/default/default/iperf/60/repeat_27/iperf_udp.txt"
"default","iperf","default","28","60","tcp","941854000.0","941796000.0","/opt/auswertung/Raw/bench_iperf_dauer/default/default/iperf/60/repeat_28/iperf_tcp.txt"
"default","iperf","default","28","60","udp","1047480.0","-1.0","/opt/auswertung/Raw/bench_iperf_dauer/default/default/iperf/60/repeat_28/iperf_udp.txt"
"default","iperf","default","29","60","tcp","941797000.0","941793000.0","/opt/auswertung/Raw/bench_iperf_dauer/default/default/iperf/60/repeat_29/iperf_tcp.txt"
"default","iperf","default","29","60","udp","1047480.0","-1.0","/opt/auswertung/Raw/bench_iperf_dauer/default/default/iperf/60/repeat_29/iperf_udp.txt"
"default","iperf","default","3","60","tcp","941757000.0","941757000.0","/opt/auswertung/Raw/bench_iperf_dauer/default/default/iperf/60/repeat_3/iperf_tcp.txt"
"default","iperf","default","3","60","udp","1047480.0","-1.0","/opt/auswertung/Raw/bench_iperf_dauer/default/default/iperf/60/repeat_3/iperf_udp.txt"
"default","iperf","default","30","60","tcp","941810000.0","941769000.0","/opt/auswertung/Raw/bench_iperf_dauer/default/default/iperf/60/repeat_30/iperf_tcp.txt"
"default","iperf","default","30","60","udp","1047480.0","-1.0","/opt/auswertung/Raw/bench_iperf_dauer/default/default/iperf/60/repeat_30/iperf_udp.txt"
"default","iperf","default","31","60","tcp","941753000.0","941753000.0","/opt/auswertung/Raw/bench_iperf_dauer/default/default/iperf/60/repeat_31/iperf_tcp.txt"
"default","iperf","default","31","60","udp","1047480.0","-1.0","/opt/auswertung/Raw/bench_iperf_dauer/default/default/iperf/60/repeat_31/iperf_udp.txt"
"default","iperf","default","32","60","tcp","941813000.0","941765000.0","/opt/auswertung/Raw/bench_iperf_dauer/default/default/iperf/60/repeat_32/iperf_tcp.txt"
"default","iperf","default","32","60","udp","1047480.0","-1.0","/opt/auswertung/Raw/bench_iperf_dauer/default/default/iperf/60/repeat_32/iperf_udp.txt"
"default","iperf","default","33","60","tcp","941889000.0","941797000.0","/opt/auswertung/Raw/bench_iperf_dauer/default/default/iperf/60/repeat_33/iperf_tcp.txt"
"default","iperf","default","33","60","udp","1047480.0","-1.0","/opt/auswertung/Raw/bench_iperf_dauer/default/default/iperf/60/repeat_33/iperf_udp.txt"
"default","iperf","default","34","60","tcp","941849000.0","941819000.0","/opt/auswertung/Raw/bench_iperf_dauer/default/default/iperf/60/repeat_34/iperf_tcp.txt"
"default","iperf","default","34","60","udp","1047480.0","-1.0","/opt/auswertung/Raw/bench_iperf_dauer/default/default/iperf/60/repeat_34/iperf_udp.txt"
"default","iperf","default","35","60","tcp","941887000.0","941803000.0","/opt/auswertung/Raw/bench_iperf_dauer/default/default/iperf/60/repeat_35/iperf_tcp.txt"
"default","iperf","default","35","60","udp","1047480.0","-1.0","/opt/auswertung/Raw/bench_iperf_dauer/default/default/iperf/60/repeat_35/iperf_udp.txt"
"default","iperf","default","4","60","tcp","941874000.0","941765000.0","/opt/auswertung/Raw/bench_iperf_dauer/default/default/iperf/60/repeat_4/iperf_tcp.txt"
"default","iperf","default","4","60","udp","1047480.0","-1.0","/opt/auswertung/Raw/bench_iperf_dauer/default/default/iperf/60/repeat_4/iperf_udp.txt"
"default","iperf","default","5","60","tcp","941890000.0","941789000.0","/opt/auswertung/Raw/bench_iperf_dauer/default/default/iperf/60/repeat_5/iperf_tcp.txt"
"default","iperf","default","5","60","udp","1047480.0","-1.0","/opt/auswertung/Raw/bench_iperf_dauer/default/default/iperf/60/repeat_5/iperf_udp.txt"
"default","iperf","default","6","60","tcp","941898000.0","941805000.0","/opt/auswertung/Raw/bench_iperf_dauer/default/default/iperf/60/repeat_6/iperf_tcp.txt"
"default","iperf","default","6","60","udp","1047480.0","-1.0","/opt/auswertung/Raw/bench_iperf_dauer/default/default/iperf/60/repeat_6/iperf_udp.txt"
"default","iperf","default","7","60","tcp","941837000.0","941797000.0","/opt/auswertung/Raw/bench_iperf_dauer/default/default/iperf/60/repeat_7/iperf_tcp.txt"
"default","iperf","default","7","60","udp","1047480.0","-1.0","/opt/auswertung/Raw/bench_iperf_dauer/default/default/iperf/60/repeat_7/iperf_udp.txt"
"default","iperf","default","8","60","tcp","941876000.0","941774000.0","/opt/auswertung/Raw/bench_iperf_dauer/default/default/iperf/60/repeat_8/iperf_tcp.txt"
"default","iperf","default","8","60","udp","1047480.0","-1.0","/opt/auswertung/Raw/bench_iperf_dauer/default/default/iperf/60/repeat_8/iperf_udp.txt"
"default","iperf","default","9","60","tcp","941725000.0","941703000.0","/opt/auswertung/Raw/bench_iperf_dauer/default/default/iperf/60/repeat_9/iperf_tcp.txt"
"default","iperf","default","9","60","udp","1047480.0","-1.0","/opt/auswertung/Raw/bench_iperf_dauer/default/default/iperf/60/repeat_9/iperf_udp.txt"
